#
#                              distance (vertice unit) / time (seconds) / angle (degrees)
#
#       X          Y          Z                    V                            VC                               J                            AccT                 Radi   
     6.22681    0.49141    4.71365         -1.188980003253073E-05         -2.344583205142821E-07         -1.212425835304501E-05          1.117562010350348E-06    7.82516
     5.16282    0.49481    4.68843         -1.202548117220872E-05         -1.616530928423981E-07         -1.218713426505112E-05          1.119404142650079E-06    6.99149
     5.15952   -0.49053    4.67944         -1.203700565642654E-05         -1.614229877455076E-07         -1.219842864417204E-05          1.119126839465008E-06    6.98273
     6.22350   -0.49393    4.70467         -1.190271164965477E-05         -2.342262530314540E-07         -1.213693790268623E-05          1.117202918095695E-06    7.81728
     8.04320    0.68424    4.61978         -1.159018315133393E-05         -3.915870683748323E-07         -1.198177021970877E-05          1.101455575991932E-06    9.30073
     6.97682    1.18271    4.65083         -1.176325288180022E-05         -3.009246096974953E-07         -1.206417749149772E-05          1.110488205522946E-06    8.46788
     6.44309    2.15648    4.57734         -1.175924697597939E-05         -2.774215351762990E-07         -1.203666851115569E-05          1.107923241953863E-06    8.19243
     4.95438    2.15473    4.56717         -1.192817776499921E-05         -1.754098862634944E-07         -1.210358765126271E-05          1.110991908997697E-06    7.07445
     4.42413    1.18435    4.61543         -1.206870276690193E-05         -1.260529609888164E-07         -1.219475572789075E-05          1.115359451421199E-06    6.50214
     3.38392    0.69267    4.54741         -1.216653349775501E-05         -7.169783094048662E-08         -1.223823132869549E-05          1.110304337329939E-06    5.71049
     3.38616   -0.67594    4.53991         -1.217441658049616E-05         -7.165128743001928E-08         -1.224606786792618E-05          1.110237680462867E-06    5.70384
     4.42307   -1.16961    4.59895         -1.208996378666094E-05         -1.257879130277859E-07         -1.221575169968873E-05          1.114947061786035E-06    6.48705
     4.94688   -2.13911    4.55243         -1.195826865721303E-05         -1.745605896426987E-07         -1.213282924685573E-05          1.110152567527781E-06    7.05493
     6.42835   -2.15647    4.57590         -1.178372061402542E-05         -2.762810234506748E-07         -1.206000163747609E-05          1.106886744175271E-06    8.18003
     6.96852   -1.19036    4.64765         -1.177840249831586E-05         -3.003381205136982E-07         -1.207874061882955E-05          1.109790215780629E-06    8.46037
     8.03820   -0.70349    4.62559         -1.159218607569736E-05         -3.912643603061850E-07         -1.198345043600355E-05          1.101202009039606E-06    9.30073
     9.67233    0.70615    4.40210         -1.123697355925251E-05         -5.652094525617040E-07         -1.180218301181421E-05          1.074844266327577E-06   10.65040
     8.85672    1.40327    4.47526         -1.139676696563454E-05         -4.832279448488724E-07         -1.187999491048341E-05          1.086663306863468E-06   10.02191
     8.55463    2.62907    4.34244         -1.136300266426697E-05         -4.813237606191486E-07         -1.184432642488612E-05          1.081424755961504E-06    9.94739
     7.20739    2.88381    4.41346         -1.158119673891707E-05         -3.621496884337794E-07         -1.194334642735085E-05          1.094764383762454E-06    8.92981
     6.46151    3.60173    4.29466         -1.158925216498197E-05         -3.288614302263545E-07         -1.191811359520832E-05          1.090728145760235E-06    8.55381
     4.93052    3.61704    4.31110         -1.173320048707374E-05         -2.247135801170633E-07         -1.195791406719080E-05          1.094163908231082E-06    7.48189
     4.18770    2.89737    4.41974         -1.189720099895049E-05         -1.558356536555665E-07         -1.205303665260605E-05          1.101114169236033E-06    6.74282
     2.85243    2.64390    4.34162         -1.199202163527882E-05         -9.090309241794030E-08         -1.208292472769676E-05          1.093000257499815E-06    5.82891
     2.57891    1.40958    4.42103         -1.215271666978444E-05         -5.190827010967208E-08         -1.220462493989411E-05          1.098362024999958E-06    5.30878
     1.78610    0.72435    4.33462         -1.221534850339718E-05         -2.232434358697767E-08         -1.223767284698416E-05          1.088656811267960E-06    4.74382
     1.79221   -0.69959    4.32967         -1.221641517784755E-05         -2.224376539662424E-08         -1.223865894324417E-05          1.088867096099809E-06    4.73788
     2.58725   -1.38296    4.40858         -1.216389692100901E-05         -5.172062932574795E-08         -1.221561755033476E-05          1.098458740978195E-06    5.29548
     2.85327   -2.61870    4.33975         -1.199764147234683E-05         -9.013494983537611E-08         -1.208777642218221E-05          1.093008474278950E-06    5.81654
     4.17599   -2.88118    4.42455         -1.190981096899866E-05         -1.546852821858992E-07         -1.206449625118456E-05          1.100677320919864E-06    6.73177
     4.90725   -3.62347    4.34760         -1.172624363740935E-05         -2.236174804164421E-07         -1.194986111782579E-05          1.093689971648659E-06    7.49081
     6.44719   -3.63482    4.35026         -1.157222684000840E-05         -3.291894857661789E-07         -1.190141632577458E-05          1.089465396107721E-06    8.58504
     7.19740   -2.90989    4.45068         -1.157712009652752E-05         -3.621927298739738E-07         -1.193931282640149E-05          1.093392627079472E-06    8.94866
     8.54765   -2.67025    4.38629         -1.134946657816276E-05         -4.819171352884194E-07         -1.183138371345118E-05          1.080093060796455E-06    9.97156
     8.84828   -1.42995    4.48944         -1.139937345881477E-05         -4.827847661255784E-07         -1.188215822494034E-05          1.086009061370802E-06   10.02457
     9.66889   -0.73935    4.41047         -1.123608397484304E-05         -5.650986370755817E-07         -1.180118261191862E-05          1.074487099704298E-06   10.65300
    11.11095    0.68954    4.05173         -1.087581595326272E-05         -7.447493887363487E-07         -1.162056534199907E-05          1.040733468485424E-06   11.84674
    10.45872    1.41470    4.17512         -1.101753128563296E-05         -6.693763513820275E-07         -1.168690763701499E-05          1.054311637649881E-06   11.34980
    10.29876    2.71580    4.02246         -1.095317491849355E-05         -6.817181780970173E-07         -1.163489309659056E-05          1.046751725146140E-06   11.38509
     9.21028    3.23305    4.11661         -1.116075200394273E-05         -5.725965878054671E-07         -1.173334859174820E-05          1.062394538354074E-06   10.59379
     8.60600    4.17293    3.94524         -1.115795850818915E-05         -5.497289908243985E-07         -1.170768749901355E-05          1.057746439265780E-06   10.34609
     7.20447    4.28688    4.05227         -1.138630628069111E-05         -4.223583284492285E-07         -1.180866460914033E-05          1.073382261266416E-06    9.31142
     6.44361    4.86725    3.91747         -1.136966585616341E-05         -3.918809657009844E-07         -1.176154682186440E-05          1.067676930412645E-06    8.97534
     4.94365    4.91128    3.95203         -1.147921736521986E-05         -2.918233581500931E-07         -1.177104072336996E-05          1.070845575367198E-06    8.01117
     4.17353    4.34622    4.10328         -1.164144597037791E-05         -2.181924580587024E-07         -1.185963842843661E-05          1.079693795515245E-06    7.29005
     2.75667    4.25475    4.01798         -1.169582060838466E-05         -1.544568413197623E-07         -1.185027744970442E-05          1.069872319855321E-06    6.46887
     2.17840    3.27211    4.14769         -1.190791212533282E-05         -9.285946420266613E-08         -1.200077158953549E-05          1.076312092203976E-06    5.71449
     1.08226    2.75577    4.05555         -1.198975718378181E-05         -5.267653877501406E-08         -1.204243372255683E-05          1.062367364071441E-06    5.02126
     0.96348    1.44232    4.16308         -1.216245392055868E-05         -1.808015748005332E-08         -1.218053407803873E-05          1.069028735479696E-06    4.50997
     0.29599    0.72917    4.05605         -1.220697642073714E-05         -3.721664070951498E-09         -1.221069808480809E-05          1.054447468046982E-06    4.13168
     0.32583   -0.68987    4.03780         -1.221834018485517E-05         -3.498057428212725E-09         -1.222183824228338E-05          1.054537497768336E-06    4.10925
     0.99943   -1.40065    4.13988         -1.217690970136531E-05         -1.779214367368992E-08         -1.219470184503900E-05          1.069370488239237E-06    4.48322
     1.11362   -2.71204    4.04104         -1.199007858217949E-05         -5.165346882421675E-08         -1.204173205100370E-05          1.062776705555792E-06    4.99253
     2.17241   -3.24671    4.16200         -1.189078019515684E-05         -9.170817626919534E-08         -1.198248837142603E-05          1.076941557907223E-06    5.70813
     2.73013   -4.24720    4.05913         -1.166105002383733E-05         -1.531962303719356E-07         -1.181424625420926E-05          1.071004845475047E-06    6.47834
     4.14224   -4.36148    4.15993         -1.161001570096414E-05         -2.174279504523675E-07         -1.182744365141651E-05          1.080283579033304E-06    7.31339
     4.90791   -4.95874    4.03322         -1.143122604904725E-05         -2.925223741595491E-07         -1.172374842320680E-05          1.071281794305125E-06    8.05875
     6.43015   -4.95999    4.02562         -1.130031617613754E-05         -3.963166857329652E-07         -1.169663286187050E-05          1.066440983693626E-06    9.06388
     7.20442   -4.37408    4.15498         -1.132237205086044E-05         -4.268928842163220E-07         -1.174926493507676E-05          1.071386147549862E-06    9.39682
     8.61503   -4.26771    4.04411         -1.109771944639744E-05         -5.554704319316485E-07         -1.165318987832909E-05          1.054946194410872E-06   10.43009
     9.20804   -3.28880    4.17499         -1.113763177402567E-05         -5.745341318005721E-07         -1.171216590582624E-05          1.060596548176159E-06   10.63178
    10.28331   -2.76168    4.05292         -1.095262069457963E-05         -6.813171179965472E-07         -1.163393781257618E-05          1.045053604036852E-06   11.39296
    10.44352   -1.45252    4.18524         -1.102454389864465E-05         -6.681187107387919E-07         -1.169266260938344E-05          1.053649402462275E-06   11.34431
    11.09918   -0.73219    4.05348         -1.088333168385201E-05         -7.435434434127762E-07         -1.162687512726478E-05          1.040292250861573E-06   11.83886
    12.34070    0.65553    3.59964         -1.053048497369642E-05         -9.177863703679360E-07         -1.144827134406436E-05          1.002211554605000E-06   12.87167
    11.81620    1.37026    3.75771         -1.065540156723850E-05         -8.503465211280163E-07         -1.150574808836652E-05          1.016831878091924E-06   12.47480
    11.75576    2.67708    3.60140         -1.055673365267127E-05         -8.735692445824441E-07         -1.143030289725371E-05          1.007283713389440E-06   12.58311
    10.89054    3.29746    3.74276         -1.072908817963325E-05         -7.780925574058255E-07         -1.150718073703908E-05          1.023396094627399E-06   11.97853
    10.42653    4.35611    3.56817         -1.068731299926853E-05         -7.673433777286648E-07         -1.145465637699719E-05          1.017397847643972E-06   11.84990
     9.23048    4.71434    3.67651         -1.092436182621550E-05         -6.455811977371694E-07         -1.156994302395267E-05          1.035597018948986E-06   10.99743
     8.54399    5.45327    3.49550         -1.091313184853209E-05         -6.174033078304668E-07         -1.153053515636255E-05          1.030774724654459E-06   10.72177
     7.15865    5.49223    3.62943         -1.114152262463259E-05         -4.892386113678743E-07         -1.163076123600047E-05          1.047586756073391E-06    9.72541
     6.41847    5.99605    3.49040         -1.108836495642978E-05         -4.636298411175642E-07         -1.155199479754734E-05          1.040316608349049E-06    9.45158
     4.96674    6.07086    3.53351         -1.116278356990610E-05         -3.697282250155512E-07         -1.153251179492165E-05          1.042635653379953E-06    8.60288
     4.20696    5.61107    3.70711         -1.132469648637236E-05         -2.955630521230954E-07         -1.162025953849545E-05          1.052615750527494E-06    7.93255
     2.78343    5.62940    3.61291         -1.132560163987022E-05         -2.370003842238098E-07         -1.156260202409403E-05          1.041439049842313E-06    7.24505
     2.10326    4.83814    3.77253         -1.155352332515691E-05         -1.672521944974097E-07         -1.172077551965432E-05          1.049565384957199E-06    6.48562
     0.88028    4.47683    3.66656         -1.161485019374584E-05         -1.250991731147124E-07         -1.173994936686055E-05          1.033942668292619E-06    5.85325
     0.43755    3.37710    3.81987         -1.186344545541767E-05         -6.968770648519258E-08         -1.193313316190286E-05          1.039505477113238E-06    5.11739
    -0.49063    2.77151    3.70814         -1.194655170111212E-05         -4.760720573678173E-08         -1.199415890684890E-05          1.019098480060767E-06    4.65535
    -0.51342    1.43702    3.83678         -1.213792753609584E-05         -1.399391615565509E-08         -1.215192145225149E-05          1.026333093321245E-06    4.12911
    -1.07341    0.72211    3.69450         -1.219867782581221E-05         -1.005789181584576E-08         -1.220873571762806E-05          1.005401463837812E-06    3.91446
    -0.99320   -0.66517    3.65679         -1.223266851703646E-05         -8.586985116124033E-09         -1.224125550215259E-05          1.005353089811481E-06    3.84721
    -0.40336   -1.36931    3.78083         -1.218566116630211E-05         -1.224554921491839E-08         -1.219790671551703E-05          1.026498812353560E-06    4.04134
    -0.33902   -2.67143    3.63392         -1.200936637456960E-05         -4.357779492964656E-08         -1.205294416949924E-05          1.019270127582547E-06    4.52292
     0.50436   -3.30339    3.79205         -1.187641182954293E-05         -6.710674202643367E-08         -1.194351857156937E-05          1.040556702502370E-06    5.05434
     0.91342   -4.41013    3.66745         -1.160479240316010E-05         -1.218942212605034E-07         -1.172668662442061E-05          1.036226633212913E-06    5.80808
     2.08039   -4.81927    3.81358         -1.151170441387321E-05         -1.655819315939961E-07         -1.167728634546721E-05          1.051876981264747E-06    6.48820
     2.75479   -5.61010    3.65968         -1.129861221842730E-05         -2.347433629920597E-07         -1.153335558141936E-05          1.045158465209239E-06    7.24260
     4.17019   -5.63529    3.77853         -1.128722677549761E-05         -2.953488582223441E-07         -1.158257563371995E-05          1.055286557110603E-06    7.96393
     4.93010   -6.10934    3.61168         -1.113290298587775E-05         -3.703648522841591E-07         -1.150326783816191E-05          1.045061190451990E-06    8.64142
     6.39905   -6.11306    3.60657         -1.101335286122969E-05         -4.706480241455489E-07         -1.148400088537523E-05          1.039693929000707E-06    9.55639
     7.16139   -5.64026    3.76581         -1.103673489109236E-05         -4.993776241285146E-07         -1.153611251522087E-05          1.044875491087257E-06    9.86303
     8.56728   -5.61309    3.63086         -1.081057855716261E-05         -6.304270487743659E-07         -1.144100560593698E-05          1.025756628213451E-06   10.86684
     9.24665   -4.82644    3.77979         -1.085984636173556E-05         -6.538039323963444E-07         -1.151365029413190E-05          1.031338396866766E-06   11.09423
    10.40690   -4.42199    3.62332         -1.068348435986570E-05         -7.683597453585500E-07         -1.145184410522425E-05          1.013339504297892E-06   11.87375
    10.85054   -3.33613    3.76557         -1.075269782218460E-05         -7.744086871804505E-07         -1.152710650936505E-05          1.021617659352670E-06   11.96008
    11.70001   -2.71166    3.60448         -1.059774780905107E-05         -8.668303001109412E-07         -1.146457810916201E-05          1.005300536461013E-06   12.53936
    11.78843   -1.41688    3.76007         -1.067297990513074E-05         -8.471873910755884E-07         -1.152016729620633E-05          1.015758710266561E-06   12.45443
    12.32469   -0.70988    3.60026         -1.054070859177141E-05         -9.158593606163180E-07         -1.145656795238773E-05          1.001483899218345E-06   12.85938
    13.40712    0.61715    3.09897         -1.017271629628460E-05         -1.082502712234756E-06         -1.125521900851936E-05          9.604236032806958E-07   13.77445
    12.96061    1.30390    3.26740         -1.030660961358301E-05         -1.019677988330989E-06         -1.132628760191400E-05          9.764946623115756E-07   13.42957
    12.95504    2.57345    3.10108         -1.019461425615902E-05         -1.048391445099471E-06         -1.124300570125849E-05          9.660660400157665E-07   13.56732
    12.27468    3.23189    3.27701         -1.033215775763585E-05         -9.682080696690807E-07         -1.130036582730493E-05          9.819899291473408E-07   13.10922
    11.94637    4.34664    3.11054         -1.024329397679504E-05         -9.711904302695853E-07         -1.121448440706463E-05          9.737570268198278E-07   13.08757
    10.96345    4.85048    3.26033         -1.043966716562550E-05         -8.637125014281595E-07         -1.130337966705366E-05          9.918696818829008E-07   12.42394
    10.37054    5.70422    3.07108         -1.040578664316032E-05         -8.418490526121266E-07         -1.124763569577245E-05          9.870063652520534E-07   12.22775
     9.14713    5.94878    3.19791         -1.065265068349162E-05         -7.154796378234499E-07         -1.136813032131507E-05          1.007001492663812E-06   11.37034
     8.44778    6.55271    3.01430         -1.062268537154636E-05         -6.869045595828819E-07         -1.130958993112924E-05          1.001869432151677E-06   11.10806
     7.10446    6.56102    3.17285         -1.083808312215968E-05         -5.620110198950808E-07         -1.140009414205476E-05          1.018901536720936E-06   10.17779
     6.39168    7.01251    3.02648         -1.075355835032101E-05         -5.410292216511619E-07         -1.129458757197218E-05          1.010307468678023E-06    9.95934
     4.99402    7.11429    3.07035         -1.079506552813474E-05         -4.540382565022450E-07         -1.124910378463699E-05          1.011344135222707E-06    9.21848
     4.25507    6.73761    3.25983         -1.095094145893509E-05         -3.816096190319761E-07         -1.133255107796707E-05          1.021670659414381E-06    8.60973
     2.85679    6.82605    3.14951         -1.090272091672240E-05         -3.290576251894642E-07         -1.123177854191186E-05          1.009255200065388E-06    8.04212
     2.14494    6.17763    3.32899         -1.112958587931707E-05         -2.569893546855850E-07         -1.138657523400266E-05          1.018725576421215E-06    7.33798
     0.88716    5.92378    3.20028         -1.116019297365580E-05         -2.156101910084576E-07         -1.137580316466426E-05          1.003174532776370E-06    6.79117
     0.30267    5.01424    3.37823         -1.143723052724164E-05         -1.516452893193592E-07         -1.158887581656100E-05          1.009535210938368E-06    6.05365
    -0.74807    4.52357    3.24641         -1.152388607336594E-05         -1.263334680387995E-07         -1.165021954140474E-05          9.875762314318686E-07    5.61796
    -1.09863    3.38056    3.42300         -1.180741595088133E-05         -7.593130204723971E-08         -1.188334725292857E-05          9.900814275403817E-07    4.93479
    -1.86503    2.72954    3.27307         -1.193864744384008E-05         -6.567636283185273E-08         -1.200432380667193E-05          9.611181691005870E-07    4.65207
    -1.81703    1.40558    3.41592         -1.215530837938828E-05         -3.171369799010265E-08         -1.218702207737838E-05          9.671786583802122E-07    4.11653
    -2.24169    0.69986    3.22932         -1.226828183894251E-05         -3.314226970634344E-08         -1.230142410864885E-05          9.375243588097951E-07    3.99293
    -2.11326   -0.63238    3.18426         -1.231559667261653E-05         -2.924090121448489E-08         -1.234483757383101E-05          9.374882779285123E-07    3.87366
    -1.60839   -1.31396    3.33316         -1.224036764119509E-05         -2.592139401740164E-08         -1.226628903521249E-05          9.670819797154254E-07    3.92726
    -1.53400   -2.56935    3.14615         -1.208218499072695E-05         -5.381344189755219E-08         -1.213599843262451E-05          9.609233449854051E-07    4.34200
    -0.85447   -3.22269    3.32287         -1.191614866272650E-05         -6.680079334976927E-08         -1.198294945607627E-05          9.911710782156347E-07    4.70716
    -0.53266   -4.33609    3.16789         -1.162910971998772E-05         -1.146937626200413E-07         -1.174380348260776E-05          9.911380911816849E-07    5.39638
     0.39185   -4.89157    3.35434         -1.147013068465117E-05         -1.447147705284264E-07         -1.161484545517960E-05          1.013555639795738E-06    5.94412
     0.94615   -5.79839    3.19651         -1.119589994018360E-05         -2.074272129326435E-07         -1.140332715311624E-05          1.009742829413203E-06    6.68836
     2.14213   -6.10778    3.35572         -1.113625414130026E-05         -2.517601645298743E-07         -1.138801430583014E-05          1.024563374203278E-06    7.29071
     2.85357   -6.73150    3.17199         -1.095228470156437E-05         -3.212435724842634E-07         -1.127352827404864E-05          1.016526929558237E-06    7.96978
     4.22614   -6.70786    3.30910         -1.097273633833993E-05         -3.777313688108506E-07         -1.135046770715078E-05          1.026944837757997E-06    8.59103
     4.95899   -7.09401    3.12604         -1.083027145609730E-05         -4.502118031798011E-07         -1.128048325927710E-05          1.015903870550996E-06    9.20265
     6.36289   -7.10500    3.12443         -1.071910325971448E-05         -5.466682951010809E-07         -1.126577155481556E-05          1.010297647219293E-06   10.03640
     7.09898   -6.72257    3.30238         -1.074390867201780E-05         -5.744391130917402E-07         -1.131834778510954E-05          1.015558953939764E-06   10.31960
     8.48154   -6.77310    3.16519         -1.048804147267966E-05         -7.079880477558079E-07         -1.119602952043546E-05          9.934157483468094E-07   11.30618
     9.18750   -6.13642    3.33443         -1.053878711019940E-05         -7.335545891747671E-07         -1.127234169937417E-05          9.978792330492289E-07   11.54054
    10.39245   -5.84315    3.17258         -1.034232707337164E-05         -8.542232405435519E-07         -1.119655031391519E-05          9.765991970565547E-07   12.33737
    10.93248   -4.91536    3.31254         -1.044973518760757E-05         -8.634448811459870E-07         -1.131318006875355E-05          9.856502050535795E-07   12.43595
    11.87173   -4.37920    3.12940         -1.030109008331732E-05         -9.622143447538915E-07         -1.126330442807121E-05          9.675171097987753E-07   13.03490
    12.19561   -3.26135    3.27910         -1.039291880082161E-05         -9.577311959190169E-07         -1.135064999674062E-05          9.787382321536256E-07   13.04308
    12.89966   -2.62219    3.10870         -1.023072744265143E-05         -1.041309812875895E-06         -1.127203725552733E-05          9.617565422560582E-07   13.52558
    12.94031   -1.36550    3.27427         -1.031569327443194E-05         -1.017506767686504E-06         -1.133320004211844E-05          9.739358562123392E-07   13.41779
    13.40283   -0.68684    3.10522         -1.017148857996098E-05         -1.082357837911722E-06         -1.125384641787270E-05          9.588594705565572E-07   13.77498
    14.36157    0.58060    2.57377         -9.778226577694000E-06         -1.241513906396837E-06         -1.101974048409084E-05          9.162950453585888E-07   14.60192
    13.96034    1.23477    2.74618         -9.934085741350436E-06         -1.180360976353370E-06         -1.111444671770381E-05          9.338281171082308E-07   14.28136
    13.96542    2.44986    2.56264         -9.834263667675122E-06         -1.208118512032317E-06         -1.104238217970744E-05          9.239198444561005E-07   14.40839
    13.40663    3.10179    2.74910         -9.970272565077412E-06         -1.137951690578276E-06         -1.110822425565569E-05          9.402871793639857E-07   14.03268
    13.17428    4.21594    2.57746         -9.862290513069343E-06         -1.149833208574900E-06         -1.101212372164424E-05          9.305089040087995E-07   14.07050
    12.39439    4.80235    2.76296         -1.000821273244943E-05         -1.061779290865736E-06         -1.106999202331516E-05          9.471145852100542E-07   13.57635
    11.91827    5.73476    2.57953         -9.934111450185562E-06         -1.051257707959779E-06         -1.098536915814534E-05          9.404713177508121E-07   13.47540
    10.87735    6.13278    2.73785         -1.014566934111840E-05         -9.370481583525259E-07         -1.108271749947093E-05          9.606247786255676E-07   12.78372
    10.22972    6.81930    2.53723         -1.011847405833120E-05         -9.083361464042464E-07         -1.102681020473544E-05          9.570801419737903E-07   12.55338
     9.02356    6.99467    2.68684         -1.035555607915106E-05         -7.833388991163463E-07         -1.113889497826741E-05          9.779600339067752E-07   11.72899
     8.33463    7.49435    2.49808         -1.031368935764367E-05         -7.549822480241178E-07         -1.106867160566779E-05          9.729651825639172E-07   11.48354
     7.04607    7.50389    2.67916         -1.050247051425390E-05         -6.367398047727610E-07         -1.113921031902666E-05          9.892399149427266E-07   10.63642
     6.36183    7.90090    2.51827         -1.040427281904051E-05         -6.183605772196821E-07         -1.102263339626019E-05          9.800148647657138E-07   10.45174
     5.02673    8.01927    2.55635         -1.041966166737884E-05         -5.383112734138561E-07         -1.095797294079270E-05          9.797655297427036E-07    9.80365
     4.31331    7.72403    2.76111         -1.055455524971476E-05         -4.703357747586020E-07         -1.102489102447336E-05          9.893937935548538E-07    9.26763
     2.96583    7.83576    2.62442         -1.048270904976132E-05         -4.218386431686072E-07         -1.090454769292993E-05          9.766746563913702E-07    8.77968
     2.24826    7.31445    2.82334         -1.068499284324451E-05         -3.518920540768970E-07         -1.103688489732141E-05          9.864915495814394E-07    8.15642
     1.01377    7.11317    2.66507         -1.070176345143889E-05         -3.102403448859106E-07         -1.101200379632481E-05          9.727120747259506E-07    7.66339
     0.36452    6.37092    2.86254         -1.096548359874363E-05         -2.447160386299235E-07         -1.121019963737356E-05          9.798827999612815E-07    6.99397
    -0.71385    5.95771    2.70143         -1.104578515158403E-05         -2.163653641335676E-07         -1.126215051571760E-05          9.599488197488636E-07    6.58040
    -1.24194    5.01989    2.90735         -1.134482567008499E-05         -1.607045043796053E-07         -1.150553017446460E-05          9.604555071646778E-07    5.93249
    -2.12446    4.45565    2.74429         -1.149053322658671E-05         -1.464283832459309E-07         -1.163696160983264E-05          9.307800239158046E-07    5.64777
    -2.39699    3.30831    2.93342         -1.182306258896246E-05         -1.003011712288426E-07         -1.192336376019131E-05          9.261075313926568E-07    5.02945
    -2.97865    2.63103    2.74067         -1.204076153912785E-05         -9.491818121683784E-08         -1.213567972034469E-05          8.849846456236930E-07    4.82762
    -2.87135    1.34655    2.89372         -1.228247372196571E-05         -6.044285111683268E-08         -1.234291657308255E-05          8.868338725019134E-07    4.29319
    -3.15424    0.66411    2.67617         -1.245185294758955E-05         -6.244053489408452E-08         -1.251429348248363E-05          8.448713389417500E-07    4.18954
    -3.00226   -0.59590    2.63766         -1.249554327411844E-05         -5.630105828716746E-08         -1.255184433240560E-05          8.443630150636671E-07    4.04054
    -2.59094   -1.24571    2.81014         -1.237785376129037E-05         -4.966710198879881E-08         -1.242752086327917E-05          8.862801789258234E-07    4.02016
    -2.51000   -2.44392    2.60839         -1.221373635836898E-05         -7.375377052692019E-08         -1.228749012889590E-05          8.834240340870614E-07    4.36767
    -1.95794   -3.08599    2.79549         -1.201013060585125E-05         -8.026804551228514E-08         -1.209039865136354E-05          9.267749456732877E-07    4.60126
    -1.68308   -4.16438    2.61786         -1.170880766594851E-05         -1.212408566955421E-07         -1.183004852264405E-05          9.350218748336023E-07    5.19885
    -0.93735   -4.76114    2.81354         -1.151194984425188E-05         -1.415060759191536E-07         -1.165345592017103E-05          9.664546035006197E-07    5.60919
    -0.47115   -5.68669    2.63963         -1.120967362964742E-05         -1.956717745534203E-07         -1.140534540420084E-05          9.695754437269474E-07    6.28713
     0.48784   -6.16846    2.83615         -1.106886870692882E-05         -2.300912055835581E-07         -1.129895991251238E-05          9.888994552362106E-07    6.80673
     1.10100   -6.91329    2.65871         -1.081319084460755E-05         -2.945004633460825E-07         -1.110769130795363E-05          9.827162822292922E-07    7.48829
     2.27076   -7.16694    2.83535         -1.077138592827700E-05         -3.396651921348916E-07         -1.111105112041189E-05          9.948958324313002E-07    8.03496
     2.96998   -7.69107    2.64697         -1.058611434459025E-05         -4.084862458127927E-07         -1.099460059040304E-05          9.844753843530432E-07    8.65909
     4.28565   -7.64178    2.80055         -1.063386999029896E-05         -4.613112080243766E-07         -1.109518119832334E-05          9.951849763807387E-07    9.19819
     4.98502   -7.97766    2.61383         -1.048468597682395E-05         -5.318017155557177E-07         -1.101648769237967E-05          9.835274364882702E-07    9.76348
     6.32661   -7.98434    2.61045         -1.039285533000993E-05         -6.236403849430405E-07         -1.101649571495297E-05          9.785074653901933E-07   10.51618
     7.03113   -7.65945    2.79555         -1.043355486304383E-05         -6.496510961297747E-07         -1.108320595917360E-05          9.844920952856232E-07   10.76657
     8.37844   -7.78126    2.65517         -1.013978273659730E-05         -7.857204143217375E-07         -1.092550315091904E-05          9.595352438378254E-07   11.73866
     9.09275   -7.27735    2.84685         -1.017568799766546E-05         -8.151163858156595E-07         -1.099080438348112E-05          9.620264043421078E-07   11.98926
    10.34072   -7.11796    2.69581         -9.911200401699255E-06         -9.470729352969956E-07         -1.085827333699625E-05          9.353313047882559E-07   12.83991
    10.93446   -6.32044    2.85229         -1.003753851554965E-05         -9.585787602455390E-07         -1.099611727579519E-05          9.428023424331925E-07   12.94782
    11.95294   -5.87817    2.66586         -9.862919404297888E-06         -1.066239792289234E-06         -1.092915919658712E-05          9.211588245320055E-07   13.58427
    12.35017   -4.86472    2.80301         -1.002965418466410E-05         -1.058828350449851E-06         -1.108848253511396E-05          9.353318336676655E-07   13.56647
    13.13645   -4.28627    2.61262         -9.874470752141825E-06         -1.147444902087269E-06         -1.102191565422909E-05          9.173478932150852E-07   14.06287
    13.36205   -3.16159    2.76862         -9.993346144230843E-06         -1.133032602388717E-06         -1.112637874661956E-05          9.321061176095398E-07   14.00733
    13.96814   -2.53301    2.59192         -9.814754149722737E-06         -1.211066193016092E-06         -1.102582034273883E-05          9.150654928308954E-07   14.43063
    13.96827   -1.31494    2.76295         -9.917834652036483E-06         -1.182921248954886E-06         -1.110075590099137E-05          9.291166121617893E-07   14.29950
    14.37379   -0.66512    2.58429         -9.762917506486003E-06         -1.244257479746405E-06         -1.100717498623241E-05          9.137084775918400E-07   14.61940
    15.17323    0.54346    2.01187         -9.393923992621241E-06         -1.385324111965522E-06         -1.077924810458676E-05          8.746228313629508E-07   15.31567
    14.83587    1.16660    2.19753         -9.543747736995936E-06         -1.330888131643825E-06         -1.087463586863976E-05          8.911540429309040E-07   15.04304
    14.82559    2.32367    1.99715         -9.468885910387745E-06         -1.353324893277456E-06         -1.082221080366520E-05          8.827872819307253E-07   15.13889
    14.35637    2.95276    2.18984         -9.610771432072923E-06         -1.290985826134463E-06         -1.090175725820739E-05          8.988265786305637E-07   14.81956
    14.17458    4.03510    2.00389         -9.510470743978116E-06         -1.305268215087912E-06         -1.081573895906603E-05          8.886591411503904E-07   14.87334
    13.55128    4.64635    2.20504         -9.633300230846715E-06         -1.233305255353010E-06         -1.086660548619972E-05          9.036855265349254E-07   14.49441
    13.18467    5.61303    2.02102         -9.528022462527051E-06         -1.234001651848995E-06         -1.076202411437605E-05          8.945480736818596E-07   14.47157
    12.33155    6.11503    2.21001         -9.691820806632167E-06         -1.138565057453794E-06         -1.083038586408596E-05          9.128772195532003E-07   13.94076
    11.76898    6.88032    2.00958         -9.636535935542885E-06         -1.116853187718887E-06         -1.075338912326177E-05          9.086441766160015E-07   13.77992
    10.70807    7.18657    2.17848         -9.859473096473060E-06         -9.994374880822729E-07         -1.085891058455533E-05          9.308580845490630E-07   13.07881
    10.04407    7.73493    1.96995         -9.839144659267529E-06         -9.658026263916622E-07         -1.080494728565919E-05          9.289501361149804E-07   12.82939
     8.87679    7.86735    2.13994         -1.006140346015614E-05         -8.454924740242170E-07         -1.090689593418035E-05          9.500241880657008E-07   12.05288
     8.20831    8.27649    1.94396         -1.001745004703354E-05         -8.165516337221603E-07         -1.083400168075570E-05          9.456899260377281E-07   11.81760
     6.98191    8.30051    2.14121         -1.017675788918437E-05         -7.069912247864801E-07         -1.088374911397085E-05          9.605739447277486E-07   11.05578
     6.32867    8.63582    1.96377         -1.008028296978933E-05         -6.888659731267105E-07         -1.076914894291604E-05          9.516512820057223E-07   10.88512
     5.06536    8.75203    1.99109         -1.008409619481154E-05         -6.145077237818660E-07         -1.069860391859341E-05          9.508516034447827E-07   10.30633
     4.38350    8.53509    2.20660         -1.019018597700847E-05         -5.532521809883068E-07         -1.074343815799678E-05          9.589931459167930E-07    9.84540
     3.10963    8.62385    2.04022         -1.012751454500385E-05         -5.050424807394813E-07         -1.063255702574333E-05          9.478392236661157E-07    9.39165
     2.40539    8.21975    2.25328         -1.029223111493416E-05         -4.407980807964179E-07         -1.073302919573058E-05          9.569049170591420E-07    8.85593
     1.23926    8.01538    2.06484         -1.033016149976451E-05         -3.953181162595344E-07         -1.072547961602405E-05          9.471361563272175E-07    8.36933
     0.56522    7.43011    2.27772         -1.054921508207312E-05         -3.336837806293629E-07         -1.088289886270248E-05          9.543347536980846E-07    7.79192
    -0.47126    7.04665    2.08708         -1.064173997594549E-05         -2.997384722907231E-07         -1.094147844823621E-05          9.394427516695651E-07    7.36433
    -1.10108    6.31650    2.31332         -1.088688114801644E-05         -2.470541200839260E-07         -1.113393526810036E-05          9.384366346891633E-07    6.81631
    -2.02515    5.83227    2.13416         -1.100871548316025E-05         -2.290614646122267E-07         -1.123777694777247E-05          9.123950344914660E-07    6.53232
    -2.52043    4.90923    2.35921         -1.133043711014481E-05         -1.830081250168223E-07         -1.151344523516163E-05          9.022566200646173E-07    6.00158
    -3.24267    4.30715    2.16957         -1.155272410559722E-05         -1.746747883711038E-07         -1.172739889396833E-05          8.628753188009679E-07    5.81150
    -3.42836    3.17629    2.36190         -1.195415834576719E-05         -1.312624889713550E-07         -1.208542083473854E-05          8.449318889940400E-07    5.23651
    -3.84494    2.49884    2.14422         -1.225122532414340E-05         -1.263665481243921E-07         -1.237759187226779E-05          7.859289572965411E-07    5.06216
    -3.67812    1.27113    2.30544         -1.251610526501230E-05         -9.101018638952460E-08         -1.260711545140183E-05          7.782549051827432E-07    4.52321
    -3.85676    0.62443    2.07915         -1.271626241206119E-05         -9.173222132589148E-08         -1.280799463338708E-05          7.156200802597943E-07    4.42576
    -3.68662   -0.55826    2.04959         -1.275448993209891E-05         -8.354890613522335E-08         -1.283803883823414E-05          7.123058498727551E-07    4.25483
    -3.35599   -1.17157    2.23737         -1.260166656678803E-05         -7.593167792818234E-08         -1.267759824471621E-05          7.745490607920805E-07    4.20013
    -3.28575   -2.30650    2.03490         -1.241422555239156E-05         -9.684983968752060E-08         -1.251107539207908E-05          7.790000632242766E-07    4.50077
    -2.85108   -2.92905    2.23344         -1.215956945563137E-05         -1.004067849136384E-07         -1.225997624054501E-05          8.425783101028438E-07    4.65792
    -2.61903   -3.96610    2.04609         -1.182014471069402E-05         -1.357504608349199E-07         -1.195589517152894E-05          8.646896596681761E-07    5.17453
    -2.00311   -4.55936    2.24341         -1.159277077091332E-05         -1.490368410358857E-07         -1.174180761194921E-05          9.089805507565586E-07    5.46197
    -1.57702   -5.45156    2.05040         -1.128415002981493E-05         -1.935448967110373E-07         -1.147769492652597E-05          9.239052385805032E-07    6.03412
    -0.79080   -5.98213    2.25094         -1.111191510420164E-05         -2.188134961665578E-07         -1.133072860036820E-05          9.504774000132964E-07    6.44034
    -0.24551   -6.73628    2.06007         -1.084478075114603E-05         -2.730585946176786E-07         -1.111783934576371E-05          9.519762979949735E-07    7.04852
     0.68730   -7.18567    2.27132         -1.069884166516726E-05         -3.131327710617229E-07         -1.101197443622898E-05          9.649812129171744E-07    7.56738
     1.30208   -7.81995    2.08745         -1.044673942992906E-05         -3.776794671456321E-07         -1.082441889707470E-05          9.550262770518256E-07    8.19783
     2.41500   -8.07170    2.28646         -1.038796383368517E-05         -4.265823764166910E-07         -1.081454621010186E-05          9.630530614010773E-07    8.72998
     3.08754   -8.52846    2.09465         -1.019505801435403E-05         -4.943868942118185E-07         -1.068944490856585E-05          9.509047993515399E-07    9.30887
     4.34189   -8.48370    2.26844         -1.025167307291757E-05         -5.458146506685393E-07         -1.079748772358611E-05          9.614524574612756E-07    9.79648
     5.01087   -8.77287    2.07350         -1.010420637770171E-05         -6.134031837068941E-07         -1.071760956140860E-05          9.500744464607019E-07   10.31366
     6.29011   -8.76988    2.06802         -1.003615921314387E-05         -6.999642331979028E-07         -1.073612344634177E-05          9.461888239702817E-07   10.98876
     6.96272   -8.48739    2.25958         -1.009467096724450E-05         -7.242364161508577E-07         -1.081890738339536E-05          9.529761162792907E-07   11.20807
     8.25484   -8.62879    2.09860         -9.801667996364323E-06         -8.569461405482920E-07         -1.065861413691261E-05          9.278037804223275E-07   12.12446
     8.96604   -8.24756    2.30908         -9.810750507832409E-06         -8.918836017437580E-07         -1.070263410957617E-05          9.282530983011965E-07   12.39936
    10.21886   -8.19637    2.15254         -9.491926946875915E-06         -1.031263876133543E-06         -1.052319082300946E-05          8.969658875448082E-07   13.27550
    10.87923   -7.57068    2.34758         -9.566125963331392E-06         -1.055706316284166E-06         -1.062183227961556E-05          8.990734678428487E-07   13.46046
    11.97655   -7.24620    2.16397         -9.326980550973095E-06         -1.177533458455550E-06         -1.050451400942864E-05          8.712060214716787E-07   14.16432
    12.45652   -6.35121    2.32576         -9.508345290374012E-06         -1.174874214195224E-06         -1.068321950456924E-05          8.828373883279541E-07   14.17434
    13.31708   -5.82749    2.12076         -9.347810381588332E-06         -1.269832848374727E-06         -1.061764322996306E-05          8.622158038528286E-07   14.69019
    13.59977   -4.77599    2.27047         -9.554691972426254E-06         -1.248557863061436E-06         -1.080324983548769E-05          8.813127517369227E-07   14.59174
    14.25289   -4.17579    2.06691         -9.407597741566876E-06         -1.325588777824606E-06         -1.073318651939148E-05          8.653737645091971E-07   14.99514
    14.39566   -3.05748    2.23236         -9.555678554530867E-06         -1.301557040802467E-06         -1.085723559533333E-05          8.841633821528389E-07   14.88511
    14.88836   -2.43626    2.03717         -9.397240189134107E-06         -1.367755485084180E-06         -1.076499567421829E-05          8.697511879931186E-07   15.22330
    14.86637   -1.26196    2.21806         -9.509226015511057E-06         -1.337724514271862E-06         -1.084695052978292E-05          8.851235929166684E-07   15.08381
    15.19151   -0.63938    2.02189         -9.374534252999100E-06         -1.389341448833267E-06         -1.076387570183237E-05          8.715699719800890E-07   15.33880
    15.75842    0.50155    1.40386         -9.108345110334459E-06         -1.493838270028407E-06         -1.060218338036287E-05          8.429191605986761E-07   15.82878
    15.52304    1.09267    1.60678         -9.210817084525230E-06         -1.455254447206065E-06         -1.066607153173129E-05          8.548275792022140E-07   15.64419
    15.49374    2.18619    1.39545         -9.158272607321920E-06         -1.471339722743426E-06         -1.062961233006535E-05          8.483363683591564E-07   15.70932
    15.13365    2.79405    1.60016         -9.272193450378245E-06         -1.423254489687376E-06         -1.069544794006562E-05          8.607683999826531E-07   15.47238
    14.98102    3.83159    1.40024         -9.185132330250288E-06         -1.436944374184834E-06         -1.062207670443512E-05          8.507372209918597E-07   15.52651
    14.49117    4.44355    1.61128         -9.286719155091494E-06         -1.380618197471687E-06         -1.066733735256318E-05          8.628034681644750E-07   15.24255
    14.20843    5.40918    1.41768         -9.166997135466087E-06         -1.389030032401215E-06         -1.055602716786730E-05          8.514437542638216E-07   15.26921
    13.52523    5.96741    1.62627         -9.291996981164832E-06         -1.313328708930478E-06         -1.060532569009531E-05          8.666747627161322E-07   14.87235
    13.05984    6.78598    1.42377         -9.203998208085576E-06         -1.301712252226683E-06         -1.050571046031226E-05          8.603378555055066E-07   14.78635
    12.15671    7.19689    1.61810         -9.392598633442998E-06         -1.199381897459280E-06         -1.059198053090228E-05          8.813575347641417E-07   14.21967
    11.54317    7.80706    1.40363         -9.362045623163221E-06         -1.167014942325591E-06         -1.052906056548881E-05          8.804231160010045E-07   14.00589
    10.49145    8.03885    1.58660         -9.591927647438657E-06         -1.049821722158089E-06         -1.064174936959675E-05          9.040595661205305E-07   13.31206
     9.83145    8.47032    1.37233         -9.580431351930448E-06         -1.012022537600372E-06         -1.059245388953082E-05          9.038502588790919E-07   13.04940
     8.71560    8.57554    1.55970         -9.788104899922179E-06         -8.984300957125726E-07         -1.068653499563475E-05          9.243915099745245E-07   12.32616
     8.07377    8.90521    1.35666         -9.746546975902000E-06         -8.683044344967727E-07         -1.061485141039877E-05          9.208916909918926E-07   12.09666
     6.91325    8.94147    1.56347         -9.884311836640803E-06         -7.676712128445610E-07         -1.065198304948536E-05          9.343161837123936E-07   11.40997
     6.29366    9.21032    1.37101         -9.799656802630526E-06         -7.478234154017330E-07         -1.054748021803226E-05          9.266383127275781E-07   11.23921
     5.10841    9.29869    1.38580         -9.814067854830700E-06         -6.764393158872224E-07         -1.049050717071792E-05          9.268108547859765E-07   10.69963
     4.46469    9.14606    1.60558         -9.896648295011292E-06         -6.224877790540710E-07         -1.051913607406536E-05          9.334613409343083E-07   10.30348
     3.27917    9.17824    1.41433         -9.869364397302368E-06         -5.708612926053132E-07         -1.044022568990768E-05          9.257382967627166E-07    9.84852
     2.60597    8.87297    1.63345         -9.999817436087386E-06         -5.139374188761035E-07         -1.051375485496349E-05          9.334728085722275E-07    9.39090
     1.53095    8.63213    1.42456         -1.008194295930560E-05         -4.618755954431348E-07         -1.054381855474874E-05          9.291480120881400E-07    8.88183
     0.86848    8.17865    1.64290         -1.025714685739687E-05         -4.065099214866728E-07         -1.066365677888354E-05          9.357338544501555E-07    8.38711
    -0.08473    7.78795    1.43225         -1.038476196847917E-05         -3.645329487704595E-07         -1.074929491724963E-05          9.279188418355534E-07    7.91901
    -0.75044    7.24124    1.66355         -1.055895202468478E-05         -3.184955574385004E-07         -1.087744758212328E-05          9.260133176215870E-07    7.46767
    -1.64359    6.81038    1.46790         -1.066298208417893E-05         -2.949623875503543E-07         -1.095794447172928E-05          9.057877414015781E-07    7.15803
    -2.28849    6.13156    1.71226         -1.087776464866510E-05         -2.574063038475035E-07         -1.113517095251260E-05          8.929211710351836E-07    6.76499
    -3.09567    5.63028    1.52124         -1.102738565382184E-05         -2.480917619326455E-07         -1.127547741575449E-05          8.593479623528931E-07    6.60283
    -3.55456    4.72890    1.75351         -1.140019309625608E-05         -2.103173600630211E-07         -1.161051045631911E-05          8.356155110708259E-07    6.17027
    -4.13612    4.11560    1.54506         -1.170161113980657E-05         -2.045974021910724E-07         -1.190620854199764E-05          7.857277742393502E-07    6.03596
    -4.24081    3.01639    1.74345         -1.217838060995873E-05         -1.627557673395948E-07         -1.234113637729832E-05          7.429256820933317E-07    5.48841
    -4.52635    2.16887    1.53683         -1.259148440442188E-05         -1.513906355559747E-07         -1.274287503997786E-05          6.386433154686509E-07    5.24916
    -4.12865    0.16287    1.73398         -1.291583400964065E-05         -1.025956901064920E-07         -1.301842969974714E-05          5.999653474876558E-07    4.48095
    -4.05887   -0.13856    1.74267         -1.291805007463935E-05         -9.911832472394916E-08         -1.301716839936330E-05          6.034014336359736E-07    4.41933
    -3.85575   -2.01759    1.47382         -1.271344051367389E-05         -1.138049241603244E-07         -1.282724543783422E-05          6.261546534483923E-07    4.59452
    -3.52767   -2.75299    1.64045         -1.238059574119730E-05         -1.203306980340549E-07         -1.250092643923135E-05          7.315433625040464E-07    4.76597
    -3.32191   -3.73609    1.44547         -1.199742770569705E-05         -1.501985198334108E-07         -1.214762622553046E-05          7.789733902485342E-07    5.20412
    -2.84795   -4.32665    1.65259         -1.171423464066335E-05         -1.612395415412710E-07         -1.187547418220462E-05          8.395724815189224E-07    5.43708
    -2.45264   -5.18136    1.45003         -1.138066036640286E-05         -1.974838342319110E-07         -1.157814420063477E-05          8.704241484930754E-07    5.91308
    -1.79764   -5.71300    1.65052         -1.119053869656614E-05         -2.155603635752354E-07         -1.140609906014138E-05          9.067238521806438E-07    6.21242
    -1.27054   -6.42122    1.44358         -1.094649628433839E-05         -2.574850504969037E-07         -1.120398133483530E-05          9.204474318111325E-07    6.70300
    -0.50463   -6.91392    1.65259         -1.078086252285901E-05         -2.887987892643032E-07         -1.106966131212332E-05          9.387265001534392E-07    7.12657
     0.06038   -7.53196    1.45485         -1.054607814514774E-05         -3.409433891907309E-07         -1.088702153433847E-05          9.376040748980984E-07    7.67142
     0.93428   -7.98860    1.67845         -1.036627922654740E-05         -3.887580564822760E-07         -1.075503728302968E-05          9.424101854476505E-07    8.21631
     1.53888   -8.51459    1.48407         -1.013857148247193E-05         -4.499095226113247E-07         -1.058848100508325E-05          9.318174962667486E-07    8.77888
     2.57922   -8.80270    1.70126         -1.003563569086443E-05         -5.056385075074259E-07         -1.054127419837186E-05          9.344617368980361E-07    9.32921
     3.22943   -9.16351    1.49619         -9.876094647665700E-06         -5.672921865203810E-07         -1.044338683418608E-05          9.243040284925739E-07    9.83045
     4.40674   -9.17844    1.69465         -9.894425937284624E-06         -6.229643276415255E-07         -1.051739026492615E-05          9.318862874620241E-07   10.32158
     5.04578   -9.39561    1.48582         -9.778626853928945E-06         -6.835050668439384E-07         -1.046213192077288E-05          9.226446193582937E-07   10.76778
     6.25064   -9.40817    1.48338         -9.710967893445656E-06         -7.667178892199235E-07         -1.047768578266558E-05          9.184226013181859E-07   11.39231
     6.89083   -9.18801    1.68673         -9.761392843214901E-06         -7.926723962901756E-07         -1.055406523950508E-05          9.238834115815213E-07   11.60811
     8.10530   -9.27938    1.49566         -9.525857322624450E-06         -9.122590612979829E-07         -1.043811638392243E-05          9.028667893593500E-07   12.41127
     8.79671   -9.00264    1.71598         -9.510155294719814E-06         -9.520834893445623E-07         -1.046223878406438E-05          9.017741087903698E-07   12.70332
     9.98116   -8.95834    1.53057         -9.225416278791930E-06         -1.080961980910793E-06         -1.030637825970272E-05          8.733074908487513E-07   13.49882
    10.69211   -8.53330    1.75665         -9.205397972692376E-06         -1.124608778277206E-06         -1.033000675096958E-05          8.682043070066322E-07   13.79218
    11.78684   -8.28138    1.55855         -8.951776785002257E-06         -1.247036809730782E-06         -1.019881359473304E-05          8.377082198834745E-07   14.48930
    12.41090   -7.61998    1.77083         -9.010505662935245E-06         -1.274583177862328E-06         -1.028508884079757E-05          8.378467003335637E-07   14.67073
    13.33272   -7.16710    1.55575         -8.826417047419675E-06         -1.376949280870559E-06         -1.020336632829023E-05          8.130457955443192E-07   15.21673
    13.75892   -6.26959    1.74388         -8.991116386421055E-06         -1.373867555312002E-06         -1.036498394173306E-05          8.241336495668887E-07   15.22028
    14.45866   -5.68825    1.51941         -8.867108932737249E-06         -1.450749070379157E-06         -1.031785800311641E-05          8.072348093321122E-07   15.61146
    14.66993   -4.64594    1.69272         -9.081432693316761E-06         -1.423000444135295E-06         -1.050443313745206E-05          8.286706532321565E-07   15.48086
    15.16631   -4.02248    1.46975         -8.983949716784792E-06         -1.479523277035774E-06         -1.046347299382057E-05          8.181507427639655E-07   15.75936
    15.24197   -2.93110    1.64875         -9.156625093236603E-06         -1.447744308952231E-06         -1.060436940218883E-05          8.407121831150008E-07   15.60857
    15.58854   -2.31590    1.43265         -9.060373077301460E-06         -1.492556981646698E-06         -1.055293005894816E-05          8.323276649063217E-07   15.82462
    15.56007   -1.19847    1.62489         -9.172282328122891E-06         -1.463627816067887E-06         -1.063591014419078E-05          8.483157620679734E-07   15.69052
    15.77717   -0.60675    1.41196         -9.089226855352349E-06         -1.498092079518835E-06         -1.058731893487118E-05          8.397273375450913E-07   15.85184
    16.08862    0.45551    0.76526         -8.958373829916095E-06         -1.556768766846821E-06         -1.051514259676292E-05          8.246159396658139E-07   16.11325
    15.95892    1.00926    0.97777         -9.004837172488890E-06         -1.536664032314103E-06         -1.054150120480299E-05          8.308449035920269E-07   16.02066
    15.91985    2.03022    0.76126         -8.962805893887607E-06         -1.547829093436220E-06         -1.051063498732383E-05          8.256871094301075E-07   16.06683
    15.69005    2.61603    0.97602         -9.018477608156475E-06         -1.520533002704769E-06         -1.053901061086124E-05          8.319613212084659E-07   15.93656
    15.56712    3.59973    0.76552         -8.933870194091812E-06         -1.534185629103582E-06         -1.046805582319539E-05          8.217292029747247E-07   15.99623
    15.21818    4.20742    0.98504         -8.990785884579347E-06         -1.498141904844503E-06         -1.048892778942385E-05          8.283130089900665E-07   15.81979
    14.99704    5.14660    0.77746         -8.867125969831393E-06         -1.510781224782526E-06         -1.037790719461392E-05          8.155148203253060E-07   15.87461
    14.47714    5.73641    0.99906         -8.946430350183719E-06         -1.457268092960649E-06         -1.040369844314437E-05          8.256514606974334E-07   15.60423
    14.09272    6.56925    0.78630         -8.843549853399667E-06         -1.452857056607618E-06         -1.029640691000729E-05          8.177653353797895E-07   15.56850
    13.35862    7.06060    1.00242         -8.982684885109491E-06         -1.371999021552983E-06         -1.035468390666248E-05          8.348514981697050E-07   15.14298
    12.80375    7.71050    0.78100         -8.944173892921934E-06         -1.342450004804043E-06         -1.028662389772598E-05          8.344709018430026E-07   14.96656
    11.89142    8.04605    0.98788         -9.141914016983771E-06         -1.238828456768805E-06         -1.038074247375258E-05          8.569133620614392E-07   14.39169
    11.24800    8.50482    0.76372         -9.148430436094056E-06         -1.194987583269581E-06         -1.034341801936364E-05          8.600411822715270E-07   14.12207
    10.23976    8.69729    0.96520         -9.362316087295887E-06         -1.084688361218843E-06         -1.044700444851473E-05          8.826508283080836E-07   13.46949
     9.59413    9.02190    0.74643         -9.366790598389491E-06         -1.042300473521538E-06         -1.040909107191103E-05          8.843371575950195E-07   13.19087
     8.54400    9.12459    0.95051         -9.547402910319920E-06         -9.390336944776187E-07         -1.048643660479754E-05          9.026689351821962E-07   12.53641
     7.93048    9.37305    0.74000         -9.520033470417329E-06         -9.059117395648546E-07         -1.042594520998218E-05          9.007600372722887E-07   12.30017
     6.84067    9.42251    0.95370         -9.639255866058818E-06         -8.147591749967636E-07         -1.045401504105558E-05          9.124287414172874E-07   11.68281
     6.25588    9.60808    0.74782         -9.586423516513922E-06         -7.899569678596495E-07         -1.037638048437357E-05          9.076360203401208E-07   11.48958
     5.15515    9.64537    0.75325         -9.632972554959596E-06         -7.187893731354939E-07         -1.035176192809509E-05          9.106100874427506E-07   10.96249
     4.55469    9.54818    0.97392         -9.694897534025474E-06         -6.725408871382179E-07         -1.036743842116369E-05          9.154441161954507E-07   10.62362
     3.46611    9.49781    0.76631         -9.725560768525922E-06         -6.143057203335431E-07         -1.033986648885946E-05          9.130362148348760E-07   10.13951
     2.83432    9.28051    0.98694         -9.822397946112520E-06         -5.658620934774096E-07         -1.038826003958993E-05          9.185195999386911E-07    9.75373
     1.85470    8.99621    0.77060         -9.950616777048179E-06         -5.070319709518723E-07         -1.045764874800005E-05          9.197244933838753E-07    9.21767
     1.22453    8.65310    0.98910         -1.008772210596825E-05         -4.589795815817148E-07         -1.054670168754996E-05          9.247933724754183E-07    8.79511
     0.36057    8.24805    0.77266         -1.024876597100686E-05         -4.096094630457306E-07         -1.065837543405259E-05          9.236692804773217E-07    8.29200
    -0.28622    7.83639    0.99748         -1.037730916048494E-05         -3.695296508122944E-07         -1.074683881129723E-05          9.215522622431339E-07    7.90480
    -1.10281    7.42729    0.79072         -1.048673532236864E-05         -3.388205308558581E-07         -1.082555585322449E-05          9.084583400793964E-07    7.55023
    -1.79448    6.94800    1.02983         -1.060402573427020E-05         -3.094583827228420E-07         -1.091348411699304E-05          8.952183508444551E-07    7.24951
    -2.58695    6.52204    0.82876         -1.069522342357965E-05         -2.958440524559943E-07         -1.099106747603564E-05          8.677899508351814E-07    7.06514
    -3.24324    5.88315    1.07580         -1.091261400085235E-05         -2.712090805778347E-07         -1.118382308143018E-05          8.441745048544840E-07    6.80348
    -3.91068    5.36147    0.86632         -1.112059969823638E-05         -2.646509319513526E-07         -1.138525063018773E-05          8.063648171897315E-07    6.69248
    -4.34466    4.49530    1.10332         -1.155836518150732E-05         -2.348741360859469E-07         -1.179323931759327E-05          7.672571277051649E-07    6.34831
    -4.84817    3.53024    0.97826         -1.212577878236403E-05         -2.161455514184508E-07         -1.234192433378248E-05          6.790423784685791E-07    6.07654
    -3.91399   -2.67961    1.07701         -1.257363671232124E-05         -1.352112518874509E-07         -1.270884796420869E-05          6.183661160526890E-07    4.86411
    -3.73925   -3.45993    0.81925         -1.224261014876495E-05         -1.559652566531911E-07         -1.239857540541815E-05          6.875338098437382E-07    5.15987
    -3.41932   -4.04361    1.03374         -1.191581982596937E-05         -1.685216576360416E-07         -1.208434148360541E-05          7.617925499410861E-07    5.39548
    -3.06037   -4.85596    0.82835         -1.154745452413173E-05         -1.979904970568732E-07         -1.174544502118860E-05          8.129391729204819E-07    5.79934
    -2.56765   -5.40315    1.03752         -1.130333682373139E-05         -2.150614092120468E-07         -1.151839823294344E-05          8.578793123851975E-07    6.07152
    -2.07124   -6.08180    0.82717         -1.104735542059712E-05         -2.480620257061218E-07         -1.129541744630324E-05          8.839937506063614E-07    6.47785
    -1.42913   -6.56822    1.03274         -1.088518607871192E-05         -2.715328947929539E-07         -1.115671897350487E-05          9.096275309362489E-07    6.80077
    -0.87542   -7.13234    0.82423         -1.069087311462653E-05         -3.103108973256502E-07         -1.100118401195218E-05          9.199488132163312E-07    7.23298
    -0.15182   -7.60337    1.03733         -1.052185970602979E-05         -3.475557768852023E-07         -1.086941548291499E-05          9.300610852443570E-07    7.67531
     0.41678   -8.08915    0.83302         -1.033545576668960E-05         -3.942721119546734E-07         -1.072972787864427E-05          9.293624435212058E-07    8.14261
     1.23358   -8.54373    1.05617         -1.013805532926706E-05         -4.478101324752853E-07         -1.058586546174235E-05          9.273779447881909E-07    8.69669
     1.83525   -8.92209    0.84830         -9.986113341823061E-06         -4.986197056380465E-07         -1.048473304746111E-05          9.213106471740721E-07    9.14830
     2.79076   -9.25377    1.07114         -9.834494617464849E-06         -5.614112762349918E-07         -1.039590589369984E-05          9.180483620688227E-07    9.72460
     3.41451   -9.48831    0.85506         -9.744405215499064E-06         -6.110874380300598E-07         -1.035549265352913E-05          9.138050671280436E-07   10.12018
     4.49222   -9.61521    1.07128         -9.675692298041793E-06         -6.768647354349241E-07         -1.035255703347672E-05          9.138655803338467E-07   10.66677
     5.09274   -9.75374    0.85377         -9.601859778194158E-06         -7.275797552033956E-07         -1.032943953339755E-05          9.084258683554121E-07   11.03632
     6.20741   -9.82632    0.85534         -9.492645662405519E-06         -8.118150281142321E-07         -1.030446069051975E-05          9.002801568908592E-07   11.65419
     6.81175   -9.70036    1.07041         -9.500976522692413E-06         -8.443163565599810E-07         -1.034529287925239E-05          9.011992172668072E-07   11.90137
     7.93679   -9.71859    0.85777         -9.338831739617627E-06         -9.461579994668964E-07         -1.028498973908452E-05          8.863852331015404E-07   12.57694
     8.59015   -9.51777    1.07967         -9.314396963153225E-06         -9.878339147563527E-07         -1.030223087790958E-05          8.845033237956171E-07   12.86640
     9.65765   -9.39075    0.86582         -9.139542300506730E-06         -1.090463234907637E-06         -1.023000553541437E-05          8.668423105597004E-07   13.49837
    10.35726   -9.10805    1.09641         -9.070754199578600E-06         -1.143184476507917E-06         -1.021393867608652E-05          8.578868295943780E-07   13.83588
    11.34258   -8.82415    0.87596         -8.907669157600744E-06         -1.241080607159454E-06         -1.014874976476020E-05          8.362631845015368E-07   14.39746
    12.06120   -8.42252    1.11202         -8.817716342952291E-06         -1.300525636755704E-06         -1.011824197970799E-05          8.231253232146732E-07   14.75290
    12.94599   -8.00805    0.88473         -8.664838782644765E-06         -1.392567878008853E-06         -1.005740666065362E-05          8.001882639859630E-07   15.24829
    13.59344   -7.41403    1.11618         -8.625054312638881E-06         -1.440775166979971E-06         -1.006582947961885E-05          7.916598914140523E-07   15.52402
    14.33282   -6.88463    0.88249         -8.498956819628317E-06         -1.519369078218746E-06         -1.001832589784706E-05          7.722717391794082E-07   15.92503
    14.77183   -6.05636    1.09758         -8.583342298209119E-06         -1.531740681913054E-06         -1.011508298012217E-05          7.760046283829866E-07   16.00285
    15.30289   -5.43954    0.85946         -8.512319051227787E-06         -1.585109442982164E-06         -1.009742849420995E-05          7.652785518397541E-07   16.26363
    15.48610   -4.44798    1.05832         -8.701958609141681E-06         -1.560090205148450E-06         -1.026204881429013E-05          7.850555411223808E-07   16.14695
    15.81634   -3.81297    0.82292         -8.672875429186564E-06         -1.590686782191089E-06         -1.026356221137765E-05          7.821411642384489E-07   16.29025
    15.84311   -2.77227    1.01824         -8.862484919059664E-06         -1.554596605666320E-06         -1.041708152472598E-05          8.071728364472836E-07   16.11603
    16.04212   -2.17248    0.79111         -8.838718204859980E-06         -1.574905646268322E-06         -1.041362385112830E-05          8.060527838333261E-07   16.20787
    16.00464   -1.12439    0.99257         -8.958425162431104E-06         -1.546923496336316E-06         -1.050534865876742E-05          8.231117623661600E-07   16.07476
    16.11560   -0.56984    0.77196         -8.931206961556040E-06         -1.562694192272140E-06         -1.049390115382818E-05          8.204637235240398E-07   16.14413
    16.21134    0.40894    0.11796         -8.909173557806590E-06         -1.580347713024049E-06         -1.048952127083064E-05          8.174119248183811E-07   16.21693
    16.16076    0.92054    0.33190         -8.920083246153632E-06         -1.574596130942969E-06         -1.049467937709660E-05          8.195310650541423E-07   16.19036
    16.11660    1.86267    0.11182         -8.880572426094379E-06         -1.581788385476112E-06         -1.046236081157049E-05          8.151906528303132E-07   16.22427
    16.00540    2.41859    0.32866         -8.880961962045102E-06         -1.574624098227310E-06         -1.045558606027241E-05          8.155747614134409E-07   16.19044
    15.91415    3.33946    0.10830         -8.787876689071677E-06         -1.588985606056599E-06         -1.037686229512828E-05          8.047201285841737E-07   16.26111
    15.70567    3.93478    0.33040         -8.788950860002802E-06         -1.575395169121074E-06         -1.036434602912388E-05          8.047852015172927E-07   16.19444
    15.53347    4.82950    0.10750         -8.661938052944709E-06         -1.590190312382553E-06         -1.025212836532726E-05          7.911737288487547E-07   16.26727
    15.17377    5.43363    0.33503         -8.686988417480832E-06         -1.561074004360319E-06         -1.024806242184115E-05          7.946651554214459E-07   16.12079
    14.84993    6.24814    0.10781         -8.583690076707083E-06         -1.559824516927804E-06         -1.014351459363489E-05          7.862853532940846E-07   16.11121
    14.28878    6.79396    0.33748         -8.666198255696703E-06         -1.504342264297116E-06         -1.017054051999382E-05          7.974187012238344E-07   15.82533
    13.78362    7.44871    0.10656         -8.635606228580695E-06         -1.475161224685981E-06         -1.011076745326668E-05          7.984498623558415E-07   15.66789
    13.03268    7.87390    0.33397         -8.781122626916057E-06         -1.393298624522157E-06         -1.017442125143821E-05          8.167629574082700E-07   15.23026
    12.40631    8.33696    0.10310         -8.815975926486269E-06         -1.342651177112542E-06         -1.015862710359881E-05          8.240898612799167E-07   14.94764
    11.53395    8.63233    0.32597         -8.991605654346930E-06         -1.247267487413181E-06         -1.023887314176011E-05          8.444978533778529E-07   14.41025
    10.87944    8.94113    0.09935         -9.046354368471758E-06         -1.191721282277037E-06         -1.023807565074879E-05          8.523756651715936E-07   14.08247
     9.94787    9.13824    0.31832         -9.212128827970611E-06         -1.096538714677554E-06         -1.030866754264816E-05          8.702952079262099E-07   13.51180
     9.32122    9.34937    0.09761         -9.250659367596420E-06         -1.047431143170977E-06         -1.029809051076740E-05          8.753461444259229E-07   13.20247
     8.35396    9.48148    0.31521         -9.381736967405820E-06         -9.596410389080387E-07         -1.034137800631386E-05          8.888009414856923E-07   12.64067
     7.76804    9.62613    0.09923         -9.396650696237106E-06         -9.194830053286964E-07         -1.031613370156580E-05          8.908238386337392E-07   12.36991
     6.75977    9.70326    0.31815         -9.486581868815817E-06         -8.404159305175555E-07         -1.032699779933337E-05          8.993215227077384E-07   11.83001
     6.21180    9.77714    0.10419         -9.495611613483456E-06         -8.063490795883822E-07         -1.030196069307184E-05          8.998862370584223E-07   11.58403
     5.20521    9.75972    0.10734         -9.579430440747423E-06         -7.352412972730553E-07         -1.031467173802048E-05          9.063921536472027E-07   11.06155
     4.65245    9.72313    0.32674         -9.612474894383799E-06         -6.982119557033877E-07         -1.031068685008719E-05          9.076905720314356E-07   10.78385
     3.66654    9.57549    0.11425         -9.715244203127932E-06         -6.318000266154589E-07         -1.034704422974339E-05          9.123773212398108E-07   10.25410
     3.08066    9.44736    0.33315         -9.770709237270978E-06         -5.933971215463354E-07         -1.036410635881731E-05          9.140300911259471E-07    9.94254
     2.19549    9.12691    0.11984         -9.935532884959316E-06         -5.295610048306376E-07         -1.046509388978995E-05          9.203114325828034E-07    9.38802
     1.60132    8.89306    0.33666         -1.002511393582408E-05         -4.906801319236242E-07         -1.051579406774771E-05          9.221999111367659E-07    9.04235
     0.81808    8.48669    0.12449         -1.020099896600697E-05         -4.368500002939273E-07         -1.063784896630090E-05          9.257257052594656E-07    8.52694
     0.20750    8.18479    0.34199         -1.029294285098899E-05         -4.028401354839307E-07         -1.069578298647292E-05          9.228773739437477E-07    8.19456
    -0.52249    7.78122    0.13225         -1.041710835568796E-05         -3.655005573748987E-07         -1.078260891306286E-05          9.162212471230112E-07    7.79987
    -1.18601    7.43538    0.35617         -1.048610705101027E-05         -3.406877116476507E-07         -1.082679476265792E-05          9.040871394147463E-07    7.53779
    -1.89028    7.03285    0.14605         -1.057406250466857E-05         -3.187087442928367E-07         -1.089277124896141E-05          8.848732300981023E-07    7.28392
    -2.59954    6.59880    0.37953         -1.066911156161246E-05         -3.022891329732788E-07         -1.097140069458573E-05          8.624637619200983E-07    7.10253
    -3.22005    6.12889    0.16343         -1.082054819435678E-05         -2.880473484766862E-07         -1.110859554283347E-05          8.340283739518673E-07    6.92522
    -3.87489    5.53045    0.40317         -1.105771613126387E-05         -2.740371041621009E-07         -1.133175323542597E-05          8.020319379889542E-07    6.76485
    -4.31287    4.96019    0.17800         -1.136347605338333E-05         -2.596364599986824E-07         -1.162311251338201E-05          7.673690424633491E-07    6.57541
    -4.81398    4.08811    0.63830         -1.184939333908799E-05         -2.397013058321003E-07         -1.208909464492009E-05          7.104965323546266E-07    6.34779
    -4.07586   -2.71600    0.47945         -1.266900784207960E-05         -1.441635007189300E-07         -1.281317134279854E-05          5.489975457391122E-07    4.92129
    -3.91841   -3.16492    0.18935         -1.246448591999003E-05         -1.524650675783787E-07         -1.261695098756841E-05          6.199445469041415E-07    5.04049
    -3.70405   -3.71587    0.40149         -1.216120892267818E-05         -1.654278919917044E-07         -1.232663681466989E-05          6.925983978648816E-07    5.26202
    -3.37450   -4.47081    0.19546         -1.178076504721180E-05         -1.885502238922916E-07         -1.196931527110409E-05          7.638808857894331E-07    5.60478
    -3.05074   -5.02722    0.40783         -1.149500658669551E-05         -2.078084697633804E-07         -1.170281505645889E-05          8.108387653927474E-07    5.89460
    -2.61917   -5.68893    0.19952         -1.119860962746433E-05         -2.357166853962481E-07         -1.143432631286058E-05          8.483908514510922E-07    6.26608
    -2.13239   -6.19631    0.40970         -1.099565396624729E-05         -2.580564966089648E-07         -1.125371046285625E-05          8.776776140639843E-07    6.56576
    -1.61318   -6.73994    0.20001         -1.079360197336976E-05         -2.886316613188251E-07         -1.108223363468858E-05          8.967044790585090E-07    6.93320
    -0.99832   -7.18955    0.40897         -1.065306870924023E-05         -3.166185285715689E-07         -1.096968723781180E-05          9.136183675903455E-07    7.27005
    -0.43984   -7.62422    0.20011         -1.050900622163749E-05         -3.504878617414233E-07         -1.085949408337891E-05          9.226873154549694E-07    7.63952
     0.25166   -8.05279    0.41106         -1.036365659290666E-05         -3.900819402590314E-07         -1.075373853316569E-05          9.282053195872794E-07    8.06721
     0.82767   -8.38697    0.20221         -1.025740845009606E-05         -4.268323899513364E-07         -1.068424084004740E-05          9.305956534554388E-07    8.43013
     1.59446   -8.80169    0.41630         -1.008232051344156E-05         -4.808325016291627E-07         -1.056315301507072E-05          9.261287850154168E-07    8.95463
     2.18257   -9.02741    0.20458         -1.001817531073832E-05         -5.183667879363789E-07         -1.053654209867470E-05          9.259041954513888E-07    9.28976
     3.04711   -9.38236    0.42049         -9.838073541549467E-06         -5.848058066063021E-07         -1.042287934815577E-05          9.180571947064430E-07    9.87372
     3.62621   -9.51749    0.20492         -9.797487844143620E-06         -6.233778782687257E-07         -1.042086572241235E-05          9.185554040932886E-07   10.18695
     4.59414   -9.76197    0.42197         -9.635137723335367E-06         -6.995187910208980E-07         -1.033465651435627E-05          9.097304873715402E-07   10.79723
     5.14474   -9.85536    0.20388         -9.574788777861891E-06         -7.427536717819735E-07         -1.031754244964386E-05          9.064355915968653E-07   11.11927
     6.16231  -10.01084    0.20152         -9.399332018378314E-06         -8.304592934237549E-07         -1.022979131180207E-05          8.921786652859378E-07   11.75719
     6.72638   -9.99002    0.42118         -9.352186294439252E-06         -8.716467299299675E-07         -1.022383302436922E-05          8.877645205131748E-07   12.05081
     7.76376   -9.97319    0.19910         -9.224081527034840E-06         -9.599603564839907E-07         -1.018404188351883E-05          8.761398131006243E-07   12.64041
     8.36983   -9.82772    0.42061         -9.203231568368391E-06         -1.001412204066451E-06         -1.020464377243484E-05          8.741877096473508E-07   12.91569
     9.32526   -9.61745    0.19521         -9.128306025070100E-06         -1.078440190457670E-06         -1.020674621552777E-05          8.663670930696804E-07   13.39753
     9.95972   -9.38130    0.41853         -9.092247222403499E-06         -1.125008404760460E-06         -1.021725562716396E-05          8.613972118622367E-07   13.68868
    10.80574   -9.01643    0.19014         -9.055548197267478E-06         -1.190242930292645E-06         -1.024579112756012E-05          8.536790248857699E-07   14.07467
    11.48899   -8.74197    0.41699         -8.946016853697390E-06         -1.252495284423630E-06         -1.019851213812102E-05          8.374201835638928E-07   14.44275
    12.25227   -8.30844    0.18621         -8.885410489266375E-06         -1.316972187869509E-06         -1.020238267713588E-05          8.256438192678771E-07   14.80483
    12.99064   -7.97614    0.41790         -8.702784237576447E-06         -1.396462132779584E-06         -1.009924637035603E-05          8.020821397079098E-07   15.24960
    13.68925   -7.49947    0.18325         -8.601018549453084E-06         -1.464140920570307E-06         -1.006515947002339E-05          7.858797332258893E-07   15.60997
    14.38397   -7.00198    0.41639         -8.446385725465589E-06         -1.537990801521476E-06         -9.984376526987066E-06          7.662190043709341E-07   16.00312
    14.95477   -6.44681    0.17647         -8.362540095355887E-06         -1.593758938282736E-06         -9.956299033638623E-06          7.520460689496570E-07   16.28612
    15.43467   -5.71264    0.40446         -8.350749331867067E-06         -1.627754573351480E-06         -9.978503905218547E-06          7.469610378966707E-07   16.46290
    15.79776   -5.08548    0.16271         -8.337674929942672E-06         -1.655206014311745E-06         -9.992880944254417E-06          7.437308304061948E-07   16.59692
    15.99622   -4.17737    0.38232         -8.473283144456444E-06         -1.642573707409239E-06         -1.011585685186568E-05          7.580326003607265E-07   16.53709
    16.17021   -3.54993    0.14583         -8.511964466178568E-06         -1.647070951012460E-06         -1.015903541719103E-05          7.632925803686241E-07   16.55593
    16.18934   -2.58573    0.35929         -8.691138165711987E-06         -1.615237964395323E-06         -1.030637613010731E-05          7.868715731631026E-07   16.39847
    16.26025   -2.01266    0.13179         -8.730405119781379E-06         -1.613231191628181E-06         -1.034363631140956E-05          7.924822222462695E-07   16.38487
    16.22399   -1.04485    0.34299         -8.855093608159119E-06         -1.588369003106755E-06         -1.044346261126588E-05          8.097742393874017E-07   16.26122
    16.24759   -0.53111    0.12234         -8.871716792186751E-06         -1.588108497110639E-06         -1.045982528929739E-05          8.120580172162444E-07   16.25673
    16.18974    0.40695   -0.31216         -8.923513281664826E-06         -1.576131507807175E-06         -1.049964478947200E-05          8.183684423348174E-07   16.19786
    16.13931    0.91670   -0.53077         -8.931967602207396E-06         -1.570389859871123E-06         -1.050235746207852E-05          8.199282313145786E-07   16.17404
    16.11676    1.86082   -0.32074         -8.881890067768202E-06         -1.581776316880172E-06         -1.046366638464837E-05          8.149952016254929E-07   16.22699
    16.06777    2.43356   -0.54659         -8.830315068296511E-06         -1.587082928988302E-06         -1.041739799728481E-05          8.092845645772254E-07   16.26021
    15.97637    3.35628   -0.33439         -8.739668705652404E-06         -1.601587345041271E-06         -1.034125605069368E-05          7.996659525707685E-07   16.32853
    15.88924    4.00696   -0.57001         -8.638764851012487E-06         -1.613694025669279E-06         -1.025245887668177E-05          7.881212325682554E-07   16.39660
    15.65481    4.88485   -0.35023         -8.561660551885112E-06         -1.616165124337049E-06         -1.017782567622216E-05          7.802392156177653E-07   16.40297
    15.43054    5.57836   -0.59257         -8.468015671810144E-06         -1.617876877947528E-06         -1.008589254975767E-05          7.717522844437350E-07   16.41861
    14.98536    6.33752   -0.36206         -8.463818474370102E-06         -1.590866101723316E-06         -1.005468457609342E-05          7.727691437638201E-07   16.27440
    14.52505    6.97538   -0.60313         -8.450173368713186E-06         -1.560265160060735E-06         -1.001043852877392E-05          7.761581533267695E-07   16.12441
    13.88446    7.54075   -0.36417         -8.537341448902586E-06         -1.500218606670945E-06         -1.003756005557353E-05          7.881177286570101E-07   15.80423
    13.18620    8.03235   -0.59717         -8.625088575260519E-06         -1.432632513301999E-06         -1.005772108856252E-05          8.026462192513354E-07   15.45157
    12.45898    8.40337   -0.35729         -8.757458330702758E-06         -1.357203191186423E-06         -1.011466152188918E-05          8.191616304746548E-07   15.03231
    11.60806    8.73779   -0.58098         -8.902755915394584E-06         -1.268582919804732E-06         -1.017133883519932E-05          8.377380720674840E-07   14.54076
    10.90087    8.98019   -0.34721         -9.016829879271878E-06         -1.198732875921254E-06         -1.021556275519313E-05          8.507594446003668E-07   14.12775
     9.97636    9.19894   -0.56416         -9.165474120490545E-06         -1.106639337393456E-06         -1.027211345788400E-05          8.677805847857217E-07   13.58184
     9.32828    9.37101   -0.33831         -9.234844684495362E-06         -1.050657334570945E-06         -1.028550201906631E-05          8.749409295281234E-07   13.22676
     8.35965    9.50072   -0.55124         -9.366792023249936E-06         -9.624064119180185E-07         -1.032919843516795E-05          8.890277128026565E-07   12.66694
     7.76666    9.62372   -0.33129         -9.398951877959393E-06         -9.190761888351918E-07         -1.031802806679458E-05          8.917385558437211E-07   12.37121
     6.75693    9.65215   -0.54146         -9.526388346824484E-06         -8.342401456977813E-07         -1.036062849252227E-05          9.041579278375107E-07   11.79463
     6.21034    9.72844   -0.32490         -9.535223481803432E-06         -8.005306455673269E-07         -1.033575412737076E-05          9.036137129379868E-07   11.54627
     5.20375    9.71102   -0.32175         -9.614044912344968E-06         -7.294507738091976E-07         -1.034349568615417E-05          9.089542288591736E-07   11.02209
     4.66576    9.57625   -0.53055         -9.725081339598574E-06         -6.819214906778712E-07         -1.040700283027645E-05          9.175428444749958E-07   10.66561
     3.68131    9.47731   -0.31396         -9.791462411859979E-06         -6.212109013786414E-07         -1.041267331323862E-05          9.185279997664174E-07   10.17202
     3.13190    9.23812   -0.52005         -9.935463145382487E-06         -5.718146029348128E-07         -1.050727774831730E-05          9.280344487817196E-07    9.76843
     2.23196    9.01585   -0.30515         -1.002387157645510E-05         -5.184226652521592E-07         -1.054229424170726E-05          9.276713293233732E-07    9.29302
     1.68014    8.69988   -0.50990         -1.017564395705208E-05         -4.718107821384500E-07         -1.064745473919053E-05          9.350387581979622E-07    8.87529
     0.86043    8.40457   -0.29708         -1.026302335478548E-05         -4.289415216899026E-07         -1.069196487647539E-05          9.305220830939766E-07    8.45372
     0.28942    8.04809   -0.50353         -1.039010576684520E-05         -3.897497951137728E-07         -1.077985556195898E-05          9.304845411868939E-07    8.06902
    -0.48292    7.72664   -0.29170         -1.045134224746869E-05         -3.601750571399935E-07         -1.081151730460868E-05          9.180052474224395E-07    7.74721
    -1.07933    7.31479   -0.50218         -1.056947964823234E-05         -3.285458056971322E-07         -1.089802545392947E-05          9.078102312147077E-07    7.41102
    -1.82316    6.96683   -0.28835         -1.062187720574805E-05         -3.116570769033479E-07         -1.093353428265140E-05          8.860015925032960E-07    7.20721
    -2.39060    6.43341   -0.50239         -1.081007517415611E-05         -2.830698185277652E-07         -1.109314499268388E-05          8.659024062015592E-07    6.88158
    -3.07822    6.02951   -0.28410         -1.091197849198780E-05         -2.754177270840320E-07         -1.118739621907183E-05          8.365501079501983E-07    6.77577
    -3.52473    5.32888   -0.49978         -1.124943901682025E-05         -2.453118926095901E-07         -1.149475090942984E-05          8.061649846960662E-07    6.40862
    -4.10454    4.85800   -0.27743         -1.146099450068503E-05         -2.430689411393757E-07         -1.170406344182441E-05          7.693065775572685E-07    6.36588
    -4.12793   -2.60150   -0.12648         -1.274291465478126E-05         -1.430719410080332E-07         -1.288598659578929E-05          5.238253873579842E-07    4.88094
    -3.90431   -3.16233   -0.22696         -1.245917009782898E-05         -1.517036083395367E-07         -1.261087370616851E-05          6.273330250440920E-07    5.02946
    -3.66244   -3.70179   -0.43329         -1.216994885363207E-05         -1.629578805094896E-07         -1.233290673414156E-05          7.007668472784574E-07    5.22536
    -3.34699   -4.45931   -0.22300         -1.179570200525955E-05         -1.868221314889609E-07         -1.198252413674851E-05          7.658021025174760E-07    5.58010
    -3.02654   -5.01909   -0.43216         -1.150924323712381E-05         -2.064340696901091E-07         -1.171567730681392E-05          8.104362428330391E-07    5.87691
    -2.62248   -5.69230   -0.22200         -1.119616936158909E-05         -2.360513941041777E-07         -1.143222075569327E-05          8.479464678533253E-07    6.27128
    -2.16405   -6.22664   -0.43243         -1.096398221487513E-05         -2.611379787694160E-07         -1.122512019364455E-05          8.747762309374446E-07    6.60615
    -1.64153   -6.76690   -0.22059         -1.076289027700823E-05         -2.913742875221654E-07         -1.105426456453040E-05          8.946152952958809E-07    6.96665
    -1.03229   -7.22403   -0.42940         -1.061414259348132E-05         -3.200191009159523E-07         -1.093416169439728E-05          9.125964116366436E-07    7.31003
    -0.44547   -7.63174   -0.21766         -1.049968525223577E-05         -3.512067645854109E-07         -1.085089201682118E-05          9.229024058515968E-07    7.64783
     0.28297   -7.99325   -0.42403         -1.041809305736321E-05         -3.844411308021972E-07         -1.080253418816541E-05          9.350423054389422E-07    8.00949
     0.86461   -8.31991   -0.21510         -1.032147805273536E-05         -4.204756619821400E-07         -1.074195371471750E-05          9.366259606252962E-07    8.36748
     1.67757   -8.60253   -0.42132         -1.026474767455912E-05         -4.616368676170539E-07         -1.072638454217617E-05          9.426715803241462E-07    8.77470
     2.22874   -8.89531   -0.21574         -1.013855591394204E-05         -5.053627280035384E-07         -1.064391864194558E-05          9.362124835498264E-07    9.17281
     3.11170   -9.13902   -0.42652         -1.005310719404289E-05         -5.601121023133199E-07         -1.061321929635621E-05          9.364757188366443E-07    9.66366
     3.64463   -9.40625   -0.22178         -9.893646281679042E-06         -6.115327113260408E-07         -1.050517899300508E-05          9.264404784597402E-07   10.09010
     4.61127   -9.63773   -0.44146         -9.741145402614245E-06         -6.859827353883574E-07         -1.042712813800260E-05          9.183119102188467E-07   10.69320
     5.14345   -9.84236   -0.23285         -9.582842857970064E-06         -7.411351918565611E-07         -1.032397804982663E-05          9.067908804757965E-07   11.10772
     6.16103   -9.99784   -0.23521         -9.413629096204730E-06         -8.288008326645709E-07         -1.024242992886930E-05          8.940546875991423E-07   11.74608
     6.73381  -10.03943   -0.46228         -9.312571615304754E-06         -8.781953274075945E-07         -1.019076694271235E-05          8.845977545332495E-07   12.09744
     7.77248  -10.03560   -0.24763         -9.170049741298239E-06         -9.682788153501643E-07         -1.013832855664840E-05          8.712922692984745E-07   12.69590
     8.38677   -9.91998   -0.47605         -9.122990915163942E-06         -1.014066363730625E-06         -1.013705727889457E-05          8.672013537139578E-07   12.99886
     9.33348   -9.64729   -0.25471         -9.097781832207659E-06         -1.082817233066617E-06         -1.018059906527428E-05          8.633013808948592E-07   13.42568
     9.92452   -9.33608   -0.47865         -9.132598251916251E-06         -1.115715817900607E-06         -1.024831406981686E-05          8.655737571816931E-07   13.63406
    10.76233   -8.94136   -0.25711         -9.122799613632543E-06         -1.176514227676221E-06         -1.029931384130877E-05          8.609415441446831E-07   13.99435
    11.32937   -8.52137   -0.47902         -9.162398256191835E-06         -1.207720457667513E-06         -1.037011871385935E-05          8.606966155323097E-07   14.18442
    12.13607   -8.16290   -0.26255         -9.033859259336609E-06         -1.285535400806154E-06         -1.031939466014276E-05          8.406453840647549E-07   14.62826
    12.73455   -7.70341   -0.49001         -8.994405641449411E-06         -1.331173012861006E-06         -1.032557865431042E-05          8.326656650618021E-07   14.89132
    13.54936   -7.37228   -0.27590         -8.746328313704957E-06         -1.429874740338192E-06         -1.017620305404315E-05          8.010409694797025E-07   15.42763
    14.16008   -6.82096   -0.51175         -8.659184388825771E-06         -1.484548930325597E-06         -1.014373331915137E-05          7.871074086785007E-07   15.72563
    14.87077   -6.39298   -0.29252         -8.431893780481102E-06         -1.574550254695676E-06         -1.000644403517678E-05          7.592402345714494E-07   16.18937
    15.34779   -5.66034   -0.53034         -8.411913832206727E-06         -1.608108605904640E-06         -1.002002243811137E-05          7.529171786145919E-07   16.36690
    15.79488   -5.08701   -0.30309         -8.328433205225138E-06         -1.654752223118136E-06         -9.983185428343274E-06          7.421741121097479E-07   16.59662
    16.02015   -4.18966   -0.53444         -8.432187222134382E-06         -1.647796614199794E-06         -1.007998383633418E-05          7.533558813855017E-07   16.56756
    16.19703   -3.56068   -0.30513         -8.478550889903089E-06         -1.652746896934175E-06         -1.013129778683726E-05          7.595547956305598E-07   16.58660
    16.21818   -2.59908   -0.52812         -8.647046510685594E-06         -1.621271739443716E-06         -1.026831825012931E-05          7.809367029317518E-07   16.43361
    16.26228   -2.01525   -0.30467         -8.720302966845235E-06         -1.613690419927795E-06         -1.033399338677303E-05          7.910645557581278E-07   16.38951
    16.20441   -1.04943   -0.52358         -8.856012604057087E-06         -1.584611992663076E-06         -1.044062459672016E-05          8.086954647738646E-07   16.24680
    16.22598   -0.53310   -0.30778         -8.883949263122806E-06         -1.583905343067695E-06         -1.046785460619050E-05          8.127812170131504E-07   16.23766
    16.00972    0.44776   -0.95216         -9.008553100629461E-06         -1.541506620359637E-06         -1.055005972098910E-05          8.273662811743907E-07   16.04425
    15.90751    1.00075   -1.17159         -9.033829455313724E-06         -1.526715856195977E-06         -1.056054531150970E-05          8.316800538373846E-07   15.98195
    15.98812    2.04243   -0.97605         -8.905218771728803E-06         -1.561217671549646E-06         -1.046643644327845E-05          8.180725775232571E-07   16.14757
    15.89246    2.67164   -1.21382         -8.851071026558377E-06         -1.560715841110129E-06         -1.041178686766851E-05          8.130382919845622E-07   16.16110
    15.88498    3.71345   -1.01999         -8.673905484948724E-06         -1.599263149700189E-06         -1.027316863464891E-05          7.938336009284465E-07   16.34511
    15.70746    4.42561   -1.27433         -8.582713800797514E-06         -1.600392062926829E-06         -1.018310586372434E-05          7.846709643605993E-07   16.36869
    15.48745    5.41263   -1.06669         -8.449043869842161E-06         -1.617503169663797E-06         -1.006654703950596E-05          7.711180398292349E-07   16.44066
    15.07601    6.12255   -1.32126         -8.418357930436713E-06         -1.591145746762100E-06         -1.000950367719881E-05          7.714852243317717E-07   16.32536
    14.55880    6.92613   -1.08820         -8.413775443642297E-06         -1.562049765568389E-06         -9.975825209210686E-06          7.732579075150752E-07   16.15903
    13.83435    7.48618   -1.32331         -8.518713540542182E-06         -1.486944279459482E-06         -1.000565782000166E-05          7.905660197189490E-07   15.78554
    13.10235    8.02702   -1.07123         -8.632346986369797E-06         -1.418871121310462E-06         -1.005121810768026E-05          8.056079584147402E-07   15.40299
    12.15141    8.36991   -1.28303         -8.844563969487976E-06         -1.308341671525014E-06         -1.015290564101299E-05          8.322322152602830E-07   14.81075
    11.38434    8.70966   -1.03266         -8.976023395823346E-06         -1.234721341665740E-06         -1.021074473748909E-05          8.473811811096575E-07   14.37108
    10.34224    8.88576   -1.23183         -9.209277024964127E-06         -1.117278429061635E-06         -1.032655545402576E-05          8.730809476491793E-07   13.69073
     9.64145    9.13263   -0.99710         -9.281040796246542E-06         -1.059851063020871E-06         -1.034089185926741E-05          8.800584376201472E-07   13.31753
     8.56900    9.20100   -1.19366         -9.486388067458705E-06         -9.500196125359631E-07         -1.043640767999467E-05          9.011314977334838E-07   12.62977
     7.93528    9.39701   -0.97364         -9.499264007153295E-06         -9.090732834708774E-07         -1.040833729062417E-05          9.016874363730224E-07   12.33777
     6.83561    9.35615   -1.17029         -9.685278848941567E-06         -8.068550377114865E-07         -1.049213388665305E-05          9.195795877493387E-07   11.64615
     6.25025    9.48828   -0.95806         -9.675845619326467E-06         -7.757854529130959E-07         -1.045163107223956E-05          9.174272265160620E-07   11.40224
     5.16566    9.42980   -0.95030         -9.794446862449699E-06         -6.947299360863146E-07         -1.048917679853601E-05          9.259995877972476E-07   10.79390
     4.59083    9.23383   -1.14938         -9.930701986347415E-06         -6.390469869869477E-07         -1.056974897333436E-05          9.374100315695870E-07   10.37596
     3.54152    9.14109   -0.93572         -1.000099284204916E-05         -5.775251115876203E-07         -1.057851795363678E-05          9.375165943197971E-07    9.84772
     2.95520    8.85616   -1.13341         -1.014579215732134E-05         -5.238172548523427E-07         -1.066960941217369E-05          9.469493788524661E-07    9.40476
     1.99376    8.63722   -0.92249         -1.022634676116250E-05         -4.722071098960288E-07         -1.069855387105853E-05          9.436838162380549E-07    8.91222
     1.40084    8.27760   -1.12223         -1.036519992961480E-05         -4.235557762051343E-07         -1.078875570581993E-05          9.480033413498626E-07    8.46997
     0.51621    7.98377   -0.91609         -1.043542755013980E-05         -3.846509217205768E-07         -1.082007847186038E-05          9.381146529288897E-07    8.05272
    -0.07451    7.53771   -1.11917         -1.058289290731369E-05         -3.414760124508992E-07         -1.092436891976459E-05          9.346764440478412E-07    7.62071
    -0.89771    7.19018   -0.91709         -1.064944635972338E-05         -3.155260051083509E-07         -1.096497236483173E-05          9.158162226071500E-07    7.30380
    -1.42911    6.60258   -1.11838         -1.087167277632415E-05         -2.742523508398870E-07         -1.114592512716404E-05          9.037778630247390E-07    6.84742
    -2.17816    6.19377   -0.91752         -1.097303635909559E-05         -2.590523822169579E-07         -1.123208874131255E-05          8.757166858988074E-07    6.62940
    -2.56789    5.43505   -1.11179         -1.132069818842483E-05         -2.171462739537844E-07         -1.153784446237861E-05          8.547811177625849E-07    6.11309
    -3.22684    4.97406   -0.91235         -1.148575968547647E-05         -2.112568554190265E-07         -1.169701654089550E-05          8.159272987029041E-07    5.99885
    -3.46004    4.08518   -1.10363         -1.192618788350954E-05         -1.722362164286449E-07         -1.209842409993819E-05          7.817987471363275E-07    5.46614
    -4.06320    3.85113   -0.81003         -1.204334812149097E-05         -1.883428595832863E-07         -1.223169098107426E-05          7.282657152000117E-07    5.65659
    -3.99865   -2.56324   -1.11075         -1.257477447281925E-05         -1.355708168108590E-07         -1.271034528963011E-05          6.328256502024736E-07    4.87782
    -3.70116   -3.45018   -0.85339         -1.223351735472127E-05         -1.538569799806272E-07         -1.238737433470190E-05          7.001438321913612E-07    5.13133
    -3.39058   -4.03657   -1.06415         -1.191470577548801E-05         -1.670034867807906E-07         -1.208170926226880E-05          7.670231364809350E-07    5.37795
    -3.03142   -4.84796   -0.85321         -1.156166018274276E-05         -1.964639838079418E-07         -1.175812416655070E-05          8.128442056713602E-07    5.78102
    -2.60111   -5.43568   -1.06704         -1.127125507994775E-05         -2.182196253726219E-07         -1.148947470532037E-05          8.543476083267638E-07    6.11972
    -2.13780   -6.14116   -0.85642         -1.098292080378536E-05         -2.541059901513293E-07         -1.123702679393669E-05          8.789344948448539E-07    6.55877
    -1.51951   -6.65521   -1.06568         -1.078985151695870E-05         -2.800474708234625E-07         -1.106989898778217E-05          9.047640233454271E-07    6.90916
    -0.93652   -7.19782   -0.85051         -1.061712303422302E-05         -3.166146909018081E-07         -1.093373772512483E-05          9.176331982952527E-07    7.30815
    -0.14567   -7.57975   -1.05145         -1.053737445784728E-05         -3.453889684416956E-07         -1.088276342628898E-05          9.363066501422809E-07    7.65371
     0.48700   -7.96747   -0.83671         -1.044746331977948E-05         -3.829119255432614E-07         -1.083037524532274E-05          9.424099285324228E-07    8.02607
     1.37842   -8.23785   -1.03509         -1.041713645103601E-05         -4.192360940056949E-07         -1.083637254504171E-05          9.540632512881789E-07    8.41627
     1.98736   -8.54626   -0.82863         -1.032710480729675E-05         -4.626601872883654E-07         -1.078976499458512E-05          9.519032352522740E-07    8.81333
     2.93482   -8.78632   -1.03732         -1.024605829359875E-05         -5.156915219695211E-07         -1.076174981556827E-05          9.539608115082951E-07    9.32141
     3.50799   -9.08631   -0.84079         -1.009551911571889E-05         -5.701033425688071E-07         -1.066562245828769E-05          9.438697143931149E-07    9.77619
     4.53690   -9.34550   -1.07041         -9.905255409371310E-06         -6.485561748886570E-07         -1.055381158425997E-05          9.336865105339620E-07   10.44354
     5.10725   -9.62969   -0.87583         -9.706307818871119E-06         -7.140183405035421E-07         -1.042032615937466E-05          9.178862731826290E-07   10.93535
     6.21222   -9.87591   -0.89429         -9.452719762293498E-06         -8.180453261214184E-07         -1.027076508841492E-05          8.982183449483773E-07   11.70150
     6.83553   -9.87652   -1.12973         -9.351497649792547E-06         -8.669908388071245E-07         -1.021848848859967E-05          8.892347342818920E-07   12.06425
     7.97142   -9.92441   -0.92613         -9.160372933198143E-06         -9.737643831367013E-07         -1.013413731633484E-05          8.715339915047412E-07   12.76304
     8.62503   -9.69561   -1.15437         -9.155598406393425E-06         -1.011977375279448E-06         -1.016757578167287E-05          8.714432505629370E-07   13.02800
     9.63143   -9.37996   -0.92821         -9.143709824658953E-06         -1.086206857552914E-06         -1.022991668221187E-05          8.681103730438687E-07   13.47627
    10.23363   -8.93170   -1.14251         -9.226653288345759E-06         -1.108768296759006E-06         -1.033542158510476E-05          8.751068841547141E-07   13.63113
    11.09377   -8.46782   -0.91485         -9.247171977147778E-06         -1.170505888521616E-06         -1.041767786566939E-05          8.722998711834740E-07   13.98616
    11.66826   -7.93977   -1.12878         -9.295133037147506E-06         -1.197022400198055E-06         -1.049215543734556E-05          8.733739750665511E-07   14.15847
    12.50234   -7.53383   -0.92041         -9.165533563166614E-06         -1.280427706077417E-06         -1.044596126924403E-05          8.522147475952942E-07   14.62581
    13.09534   -6.95805   -1.14570         -9.126129639491615E-06         -1.321504633548779E-06         -1.044763427304039E-05          8.438164573681526E-07   14.87330
    13.93828   -6.57631   -0.95115         -8.863343866725050E-06         -1.427398615126730E-06         -1.029074248185178E-05          8.098035336708664E-07   15.44112
    14.45099   -5.84528   -1.17946         -8.841527386763120E-06         -1.460300206681207E-06         -1.030182759344433E-05          8.026108113648635E-07   15.63296
    15.14982   -5.35729   -0.97787         -8.611833840772022E-06         -1.551759568235863E-06         -1.016359340900788E-05          7.753588841912641E-07   16.09888
    15.40935   -4.42207   -1.19291         -8.720019564367055E-06         -1.544458516042819E-06         -1.026447808040987E-05          7.848182260540589E-07   16.07562
    15.83259   -3.82777   -0.97672         -8.618783907390484E-06         -1.594458329820458E-06         -1.021324223721094E-05          7.744631902390418E-07   16.31799
    15.82747   -2.78429   -1.17807         -8.829208958111996E-06         -1.552021524334286E-06         -1.038123048244628E-05          7.996983856067677E-07   16.11363
    16.03618   -2.18458   -0.95879         -8.807712940736633E-06         -1.574078847703382E-06         -1.038179178844001E-05          7.991950528021109E-07   16.21268
    15.91444   -1.12963   -1.16111         -8.997198692136653E-06         -1.529692184916484E-06         -1.052689087705314E-05          8.234463942534439E-07   15.99668
    16.03857   -0.57832   -0.94935         -8.969486345947627E-06         -1.547868787817511E-06         -1.051735513376514E-05          8.216361904542869E-07   16.07705
    15.61614    0.48916   -1.57424         -9.199940317941092E-06         -1.466937813004700E-06         -1.066687813094579E-05          8.477659463839716E-07   15.70291
    15.45358    1.08157   -1.79233         -9.245649114672612E-06         -1.442177421164250E-06         -1.068782653583686E-05          8.548132819272415E-07   15.59472
    15.64929    2.22236   -1.62745         -9.024654706659236E-06         -1.501408938102143E-06         -1.052606364476138E-05          8.321027873252343E-07   15.88986
    15.46284    2.89656   -1.87429         -8.996495165848264E-06         -1.487288690755667E-06         -1.048378385660393E-05          8.309164784232229E-07   15.84305
    15.52848    4.05800   -1.71501         -8.730146786710265E-06         -1.548055461272819E-06         -1.027820224798308E-05          8.030972013071801E-07   16.14133
    15.18227    4.79555   -1.97779         -8.699405247776103E-06         -1.523400157714680E-06         -1.022280540549078E-05          8.020098648269815E-07   16.04401
    14.94980    5.87307   -1.79167         -8.515161427103705E-06         -1.550388745670144E-06         -1.006555017277385E-05          7.852380422108682E-07   16.16167
    14.26947    6.52535   -2.03394         -8.604084359445086E-06         -1.479528199824111E-06         -1.008361255926920E-05          7.990456862665076E-07   15.82198
    13.67123    7.33487   -1.79863         -8.601063787003899E-06         -1.446505362458455E-06         -1.004756914946235E-05          8.027700154594255E-07   15.61852
    12.66054    7.73815   -1.99717         -8.849352897804377E-06         -1.323102523428733E-06         -1.017245542123311E-05          8.335410569819838E-07   14.97187
    11.87272    8.23235   -1.73364         -8.969980910842839E-06         -1.254382199115766E-06         -1.022436310995860E-05          8.482598160327020E-07   14.55124
    10.71521    8.39586   -1.90484         -9.280820183202860E-06         -1.113598437425633E-06         -1.039441862062849E-05          8.820511505285591E-07   13.74535
     9.95179    8.70952   -1.65340         -9.384009440510597E-06         -1.051025570507278E-06         -1.043503501101788E-05          8.918579824657744E-07   13.32770
     8.77692    8.74164   -1.82514         -9.650506710138882E-06         -9.221616707251582E-07         -1.057266838086404E-05          9.187332614583896E-07   12.52125
     8.09492    8.98624   -1.60012         -9.677524403127592E-06         -8.790720003053628E-07         -1.055659640343296E-05          9.201962022775689E-07   12.20003
     6.91162    8.92360   -1.78282         -9.882100615361692E-06         -7.656175952710709E-07         -1.064771821063276E-05          9.400750539281271E-07   11.42714
     6.28602    9.09750   -1.57300         -9.872340681406527E-06         -7.348337905474345E-07         -1.060717447195396E-05          9.380535610741830E-07   11.16929
     5.12583    9.03366   -1.55985         -9.998967379463628E-06         -6.483123597674978E-07         -1.064727973923113E-05          9.471127272504015E-07   10.50306
     4.50732    8.81911   -1.75605         -1.011846575199877E-05         -5.894883630499351E-07         -1.070795411504871E-05          9.575695574781685E-07   10.05865
     3.38600    8.73435   -1.54327         -1.018967702324438E-05         -5.273573637572606E-07         -1.071703438700164E-05          9.564862191126899E-07    9.49398
     2.75268    8.41701   -1.74020         -1.031553085886512E-05         -4.712851409636342E-07         -1.078681599982875E-05          9.632868236231246E-07    9.02505
     1.72896    8.17919   -1.53008         -1.040331652939306E-05         -4.199953116017030E-07         -1.082331184099476E-05          9.575649420025668E-07    8.49880
     1.10723    7.73887   -1.72646         -1.055367371709566E-05         -3.672775243082902E-07         -1.092095124140395E-05          9.592195028858030E-07    8.00605
     0.18838    7.39122   -1.52169         -1.065495209928489E-05         -3.285130954287456E-07         -1.098346519471363E-05          9.462355067748883E-07    7.54859
    -0.36153    6.78540   -1.70946         -1.088185116325309E-05         -2.774730388779215E-07         -1.115932420213101E-05          9.415778276630339E-07    7.00676
    -1.15582    6.34430   -1.50823         -1.102286356743960E-05         -2.499118178596072E-07         -1.127277538529921E-05          9.197092468007946E-07    6.62275
    -1.55067    5.55587   -1.67927         -1.136218190648928E-05         -1.999498626443882E-07         -1.156213176913367E-05          9.077132241767550E-07    6.00768
    -2.21369    5.05543   -1.48370         -1.154691008845417E-05         -1.830363166733405E-07         -1.172994640512751E-05          8.744816344953171E-07    5.71482
    -2.45347    4.14677   -1.64895         -1.193478902845677E-05         -1.395120511664355E-07         -1.207430107962321E-05          8.548503946540052E-07    5.09257
    -3.04087    3.63751   -1.46832         -1.213125313085226E-05         -1.350840432684369E-07         -1.226633717412070E-05          8.042956345717753E-07    4.96330
    -3.21125    2.66702   -1.65067         -1.246359688059866E-05         -1.047165093663113E-07         -1.256831338996497E-05          7.717186666976048E-07    4.48886
    -3.66960    2.73992   -1.37298         -1.249599748914316E-05         -1.260381902504939E-07         -1.262203567939366E-05          7.096631872615633E-07    4.78103
    -3.88217   -1.35041   -1.90430         -1.266311703871470E-05         -1.015297270988693E-07         -1.276464676581357E-05          6.963984201009025E-07    4.53003
    -3.99001   -2.44227   -1.31469         -1.255575160633709E-05         -1.315171712091902E-07         -1.268726877754628E-05          6.547239219327584E-07    4.85935
    -3.64179   -2.79629   -1.70589         -1.228350200760933E-05         -1.266916468147774E-07         -1.241019365442410E-05          7.425798115733243E-07    4.89816
    -3.36628   -3.76245   -1.48983         -1.194519404179408E-05         -1.531694599154323E-07         -1.209836350170952E-05          7.819174875978145E-07    5.26379
    -2.92983   -4.37759   -1.70256         -1.164151422617317E-05         -1.667468977695142E-07         -1.180826112394268E-05          8.376683561063861E-07    5.53587
    -2.52383   -5.23943   -1.49070         -1.131559417082733E-05         -2.032491515347962E-07         -1.151884332236212E-05          8.657635326708832E-07    6.00362
    -1.91488   -5.81148   -1.70116         -1.107993841600250E-05         -2.249961684810348E-07         -1.130493458448353E-05          9.013469973261952E-07    6.35091
    -1.37388   -6.52179   -1.48677         -1.083670548790927E-05         -2.669496871377391E-07         -1.110365517504701E-05          9.160432276323441E-07    6.82874
    -0.55952   -6.96749   -1.68475         -1.071922866602688E-05         -2.936180801263064E-07         -1.101284674615319E-05          9.396083057622316E-07    7.19009
     0.08570   -7.48284   -1.46461         -1.058585206180542E-05         -3.365338937157925E-07         -1.092238595552122E-05          9.471613199949694E-07    7.62531
     1.04249   -7.78217   -1.65521         -1.054984825733587E-05         -3.704795727798953E-07         -1.092032783011576E-05          9.632289060153770E-07    8.02425
     1.70254   -8.14945   -1.44044         -1.046557363406344E-05         -4.165320730187322E-07         -1.088210570708217E-05          9.639243895841309E-07    8.44909
     2.72761   -8.37958   -1.64471         -1.040043886927458E-05         -4.666814300680197E-07         -1.086712029934259E-05          9.694049652019184E-07    8.96450
     3.35096   -8.70804   -1.44804         -1.026734419576942E-05         -5.231809037171912E-07         -1.079052509948661E-05          9.606440044731794E-07    9.44223
     4.45529   -8.93366   -1.68425         -1.009464507810221E-05         -5.989065626462275E-07         -1.069355164074843E-05          9.527247788356569E-07   10.12406
     5.06806   -9.27113   -1.50314         -9.878658803255175E-06         -6.708959177047830E-07         -1.054955472095996E-05          9.341363381366363E-07   10.67233
     6.26172   -9.55593   -1.54400         -9.583191093404509E-06         -7.843897035071364E-07         -1.036758079691165E-05          9.112276587976492E-07   11.52861
     6.92626   -9.46370   -1.77950         -9.521768728187037E-06         -8.265147429038318E-07         -1.034828347109087E-05          9.063214275576006E-07   11.86175
     8.15368   -9.55549   -1.59346         -9.281716286115817E-06         -9.482390183467361E-07         -1.022995530446255E-05          8.841521856484474E-07   12.66211
     8.82945   -9.18529   -1.80916         -9.336782505622619E-06         -9.755158003950290E-07         -1.031229830601765E-05          8.895918926491423E-07   12.86864
     9.90301   -8.87715   -1.58435         -9.283474287389642E-06         -1.062921343202073E-06         -1.034639563059172E-05          8.823476982572411E-07   13.39342
    10.50115   -8.28436   -1.77969         -9.414173689446455E-06         -1.075128710583261E-06         -1.048930240002972E-05          8.933989105721972E-07   13.49341
    11.40626   -7.81086   -1.55177         -9.396981515930541E-06         -1.148489509265430E-06         -1.054547102519597E-05          8.862384272003554E-07   13.91115
    11.95101   -7.13773   -1.75024         -9.483579830739810E-06         -1.164485082080737E-06         -1.064806491282055E-05          8.895695888924543E-07   14.02987
    12.80602   -6.69086   -1.55254         -9.336021988474404E-06         -1.254554327547534E-06         -1.059057631602194E-05          8.663890944602761E-07   14.53176
    13.29286   -5.92419   -1.75871         -9.380384285558080E-06         -1.272789435745506E-06         -1.065317372130359E-05          8.646239218102475E-07   14.65910
    14.09489   -5.46035   -1.58018         -9.143278630321935E-06         -1.373059996381785E-06         -1.051633862670372E-05          8.348251289994044E-07   15.19797
    14.39648   -4.52175   -1.77593         -9.249022277927554E-06         -1.368392699263934E-06         -1.061741497719149E-05          8.420970173426100E-07   15.19404
    15.01210   -3.97146   -1.59025         -9.051745214393361E-06         -1.449106105863665E-06         -1.050085132025703E-05          8.211297081687469E-07   15.60976
    15.05883   -2.89890   -1.77099         -9.241902380745693E-06         -1.413267690294657E-06         -1.065517007104035E-05          8.421403588476133E-07   15.43724
    15.45096   -2.30603   -1.57500         -9.117488960127019E-06         -1.466618831431973E-06         -1.058410779155899E-05          8.315114216126435E-07   15.70129
    15.33945   -1.19183   -1.76118         -9.300772575841716E-06         -1.422564199942773E-06         -1.072333677578449E-05          8.543435402620226E-07   15.48615
    15.59422   -0.61515   -1.56657         -9.198287200392517E-06         -1.463662896197727E-06         -1.066195009659025E-05          8.457775607277972E-07   15.68478
    14.99601    0.52761   -2.16197         -9.498975596657891E-06         -1.353092044607061E-06         -1.085206764126495E-05          8.794936584224732E-07   15.16024
    14.75971    1.15178   -2.37315         -9.570231653157589E-06         -1.317137353139496E-06         -1.088736900629708E-05          8.885800002770068E-07   14.99358
    15.03083    2.37993   -2.25035         -9.286572509611496E-06         -1.391740423682336E-06         -1.067831293329383E-05          8.608583978978048E-07   15.38356
    14.70012    3.07393   -2.49156         -9.316633757178800E-06         -1.355399216849483E-06         -1.067203297402828E-05          8.658647301378831E-07   15.22335
    14.78591    4.32810   -2.37828         -8.993367806771337E-06         -1.426389978395153E-06         -1.041975778516649E-05          8.347839173266543E-07   15.58884
    14.20165    5.03195   -2.62182         -9.065421634888244E-06         -1.364201247925992E-06         -1.042962288281424E-05          8.452551048113245E-07   15.29318
    13.91767    6.15167   -2.46360         -8.853058187183971E-06         -1.391468943902409E-06         -1.024452713108638E-05          8.286530869643044E-07   15.41474
    12.94480    6.66720   -2.65754         -9.079887442089874E-06         -1.274130750600985E-06         -1.035401819269086E-05          8.558193608151710E-07   14.80141
    12.28591    7.44416   -2.42642         -9.068282468615274E-06         -1.240114863654522E-06         -1.030839733226980E-05          8.592591619422407E-07   14.56868
    11.05224    7.65870   -2.56788         -9.418089430204404E-06         -1.086563759051947E-06         -1.050465318925635E-05          8.969445513832424E-07   13.68947
    10.26936    8.11621   -2.30982         -9.502783328037912E-06         -1.029623892853305E-06         -1.053240722089122E-05          9.058988672176552E-07   13.29165
     8.99111    8.13817   -2.44871         -9.824347519605021E-06         -8.838173527533992E-07         -1.070816487235842E-05          9.380276127086838E-07   12.37199
     8.26209    8.44994   -2.21547         -9.864528931191061E-06         -8.393093565311029E-07         -1.070383828772216E-05          9.405611605719641E-07   12.02381
     6.99140    8.37686   -2.38315         -1.008417053590385E-05         -7.154401112802273E-07         -1.079961064718407E-05          9.618509117096660E-07   11.16830
     6.32292    8.60592   -2.17551         -1.006997304174269E-05         -6.853307141982770E-07         -1.075530375594096E-05          9.593349466418653E-07   10.89835
     5.07882    8.56527   -2.16190         -1.018039556650847E-05         -5.958914450381535E-07         -1.077628701154663E-05          9.669525015071599E-07   10.18980
     4.41379    8.31521   -2.35762         -1.029347814125783E-05         -5.325876979426574E-07         -1.082606583920049E-05          9.761003566203524E-07    9.70477
     3.20898    8.25171   -2.14871         -1.035114468753877E-05         -4.710746249624622E-07         -1.082221931250123E-05          9.725907699030382E-07    9.11072
     2.54077    7.84680   -2.33991         -1.049903588481553E-05         -4.088132821336631E-07         -1.090784916694920E-05          9.786316101829995E-07    8.57339
     1.46275    7.57178   -2.12779         -1.060514116127447E-05         -3.573938332440185E-07         -1.096253499451849E-05          9.708055345430428E-07    7.99993
     0.85688    6.97732   -2.30529         -1.082361829475573E-05         -2.969731070725288E-07         -1.112059140182826E-05          9.728912198099219E-07    7.39808
    -0.04854    6.53860   -2.09173         -1.098923584231872E-05         -2.569400761900283E-07         -1.124617591850875E-05          9.582001141296176E-07    6.86520
    -0.50719    5.74670   -2.24671         -1.130387666776065E-05         -2.000074193543021E-07         -1.150388408711495E-05          9.546849993124684E-07    6.19109
    -1.21503    5.20507   -2.03549         -1.152514995980374E-05         -1.716861205340382E-07         -1.169683608033778E-05          9.295538153615174E-07    5.71947
    -1.50382    4.28011   -2.18037         -1.187835292059227E-05         -1.236805440368486E-07         -1.200203346462912E-05          9.197596107024526E-07    5.03337
    -2.07924    3.72225   -1.98940         -1.209121673963556E-05         -1.092429758599254E-07         -1.220045971549548E-05          8.815484621701816E-07    4.70490
    -2.28771    2.73857   -2.16007         -1.236265847812617E-05         -7.652121825319568E-08         -1.243917969637936E-05          8.670448919249785E-07    4.17124
    -2.83232    2.19261   -2.00197         -1.252131606379103E-05         -7.709912992768561E-08         -1.259841519371872E-05          8.138028505709089E-07    4.10334
    -2.97872    1.12690   -2.21138         -1.263796658276040E-05         -6.095222362080590E-08         -1.269891880638120E-05          8.055201997100947E-07    3.87722
    -3.47079    0.35655   -2.09530         -1.273514649071390E-05         -7.315682382659865E-08         -1.280830331454050E-05          7.446972857548058E-07    4.06987
    -3.56641   -0.41696   -2.11830         -1.270925991177521E-05         -7.748125722440712E-08         -1.278674116899961E-05          7.411470177140721E-07    4.16897
    -3.35546   -1.21198   -2.28987         -1.252662369984434E-05         -7.648910439917979E-08         -1.260311280424352E-05          7.881111917599012E-07    4.23928
    -3.43656   -2.36065   -2.11571         -1.229420898097917E-05         -1.044609036356179E-07         -1.239866988461479E-05          7.892552437551581E-07    4.67535
    -3.00079   -3.00010   -2.31662         -1.203024299391580E-05         -1.082029897945949E-07         -1.213844598371039E-05          8.427558960154278E-07    4.83447
    -2.76957   -4.05087   -2.11953         -1.169440520806913E-05         -1.447094501305433E-07         -1.183911465819967E-05          8.611214812473186E-07    5.34532
    -2.16039   -4.66491   -2.32258         -1.145295897286700E-05         -1.588230119335437E-07         -1.161178198480054E-05          9.041313112361650E-07    5.64119
    -1.71171   -5.56367   -2.11607         -1.115453561150346E-05         -2.036285195507087E-07         -1.135816413105417E-05          9.187313806011149E-07    6.19372
    -0.90053   -6.08599   -2.31257         -1.099426023890369E-05         -2.274613585952097E-07         -1.122172159749889E-05          9.474638856150228E-07    6.57254
    -0.28933   -6.77950   -2.09564         -1.079345235309497E-05         -2.767096387453909E-07         -1.107016199184036E-05          9.548585202873636E-07    7.10191
     0.70558   -7.14684   -2.28229         -1.072218804156453E-05         -3.099413890102476E-07         -1.103212943057478E-05          9.739556340644746E-07    7.53552
     1.39219   -7.63416   -2.06199         -1.060424959127042E-05         -3.618836385294929E-07         -1.096613322979991E-05          9.752917959860385E-07    8.02934
     2.49853   -7.86372   -2.25695         -1.055325504460378E-05         -4.091310298883673E-07         -1.096238607449215E-05          9.848128926858253E-07    8.55421
     3.17390   -8.24185   -2.05444         -1.042827254295506E-05         -4.687522487901645E-07         -1.089702479174523E-05          9.775415523419643E-07    9.06766
     4.36729   -8.38271   -2.28065         -1.031916471529897E-05         -5.369078102139449E-07         -1.085607252551291E-05          9.753246269025849E-07    9.72340
     5.02533   -8.74606   -2.10713         -1.011297307706776E-05         -6.114519210123825E-07         -1.072442499808014E-05          9.566708397337544E-07   10.30473
     6.30264   -8.99130   -2.16153         -9.838052230918027E-06         -7.245464753314675E-07         -1.056259870624950E-05          9.358521605431960E-07   11.19102
     6.99524   -8.77011   -2.38026         -9.840053633949001E-06         -7.562849886298591E-07         -1.059633862257886E-05          9.361788925768149E-07   11.46795
     8.29463   -8.87231   -2.21393         -9.574799048182513E-06         -8.865140516152650E-07         -1.046131309979778E-05          9.119531321380067E-07   12.34586
     8.97014   -8.35404   -2.40120         -9.688849140125001E-06         -9.029482273236865E-07         -1.059179736744869E-05          9.216285029558418E-07   12.49076
    10.10310   -8.07424   -2.19177         -9.570516668124886E-06         -1.005185473193152E-06         -1.057570214131804E-05          9.088170389414915E-07   13.11754
    10.66619   -7.33092   -2.35406         -9.751321449035725E-06         -1.006651497870416E-06         -1.075797294690614E-05          9.220830607914487E-07   13.15491
    11.60899   -6.86792   -2.14045         -9.672357087560457E-06         -1.093350477650946E-06         -1.076570756521140E-05          9.087538740854917E-07   13.65717
    12.06355   -6.02152   -2.30489         -9.826740582814716E-06         -1.092455384385592E-06         -1.091919596720031E-05          9.163053380372738E-07   13.67847
    12.89241   -5.52466   -2.12084         -9.675600488705133E-06         -1.182287229122647E-06         -1.085788771782778E-05          8.943191620392484E-07   14.18570
    13.21833   -4.57414   -2.29080         -9.804559628943999E-06         -1.175741629350172E-06         -1.098030125829417E-05          9.021764953911613E-07   14.17374
    13.92036   -4.03507   -2.12442         -9.611212624105007E-06         -1.262345341869381E-06         -1.087355796597439E-05          8.802043232295768E-07   14.64825
    14.05869   -2.96798   -2.29446         -9.750090706849465E-06         -1.240696986180511E-06         -1.099078769302998E-05          8.949865914724330E-07   14.55061
    14.58154   -2.38211   -2.12671         -9.575204897026652E-06         -1.311849660578639E-06         -1.088705455760529E-05          8.790069462480124E-07   14.92711
    14.53802   -1.23890   -2.30804         -9.705561366021064E-06         -1.279356767764956E-06         -1.098491813378602E-05          8.960054729098735E-07   14.77213
    14.90380   -0.64149   -2.13849         -9.551520220326429E-06         -1.337323449914908E-06         -1.088884367024134E-05          8.823606711169119E-07   15.07010
    14.16678    0.55925   -2.70062         -9.877979089038601E-06         -1.207973662377365E-06         -1.108595275141597E-05          9.192100776682735E-07   14.43274
    13.83908    1.20590   -2.89514         -9.981958143552261E-06         -1.159679359950179E-06         -1.114163750350244E-05          9.300466461230848E-07   14.19000
    14.10130    2.49242   -2.80887         -9.699556053083269E-06         -1.232301289042705E-06         -1.093185734212597E-05          9.034920861677845E-07   14.59276
    13.59740    3.17724   -3.02470         -9.796500958834754E-06         -1.171758210291909E-06         -1.096825916912666E-05          9.144513339392231E-07   14.28751
    13.61196    4.46260   -2.95093         -9.481408205891303E-06         -1.233151551607005E-06         -1.071455975749831E-05          8.875952044484071E-07   14.62560
    12.78600    5.08197   -3.14850         -9.646376133891959E-06         -1.137648501136283E-06         -1.078402463502824E-05          9.068467961436864E-07   14.11458
    12.40281    6.16685   -3.01333         -9.448562835199373E-06         -1.152981791078299E-06         -1.060154462627767E-05          8.944677003298031E-07   14.17533
    11.21250    6.51927   -3.14551         -9.752459831392722E-06         -1.010925129299811E-06         -1.076338496069253E-05          9.266743647405370E-07   13.34598
    10.52082    7.23415   -2.93118         -9.723256016394318E-06         -9.796732416098842E-07         -1.070292925800420E-05          9.278957587803927E-07   13.10009
     9.17487    7.30300   -3.03700         -1.006605900694297E-05         -8.263784322385198E-07         -1.089243743918149E-05          9.614973887273551E-07   12.11344
     8.42803    7.74951   -2.81259         -1.007559152368316E-05         -7.877651787740136E-07         -1.086335670245717E-05          9.624837252344173E-07   11.78971
     7.06971    7.65402   -2.95307         -1.033213819336365E-05         -6.524205134523773E-07         -1.098455870681603E-05          9.858500186927598E-07   10.82984
     6.36210    7.96960   -2.75687         -1.029534241433177E-05         -6.249333404993301E-07         -1.092027575483110E-05          9.815312196381693E-07   10.56367
     5.02860    7.94859   -2.74496         -1.039550578964810E-05         -5.316427636633668E-07         -1.092714855331146E-05          9.876200187948446E-07    9.79805
     4.32700    7.60543   -2.92337         -1.054830092428545E-05         -4.601207973111344E-07         -1.100842172159658E-05          9.977316682337803E-07    9.22559
     3.04399    7.56713   -2.72723         -1.058672319394622E-05         -3.997963701764094E-07         -1.098651956412263E-05          9.911560064352947E-07    8.60030
     2.37448    7.00947   -2.88923         -1.080464943610595E-05         -3.291453672408757E-07         -1.113379480334683E-05          9.991157435097615E-07    7.94471
     1.26540    6.69468   -2.67940         -1.092547804907502E-05         -2.789609634168388E-07         -1.120443901249186E-05          9.888656429754951E-07    7.32114
     0.71772    5.91905   -2.81913         -1.121895348966557E-05         -2.136398332368740E-07         -1.143259332290245E-05          9.930685202488672E-07    6.59529
    -0.14945    5.40980   -2.60000         -1.142151489918180E-05         -1.760080905895224E-07         -1.159752298977132E-05          9.752528148819948E-07    6.00402
    -0.51886    4.47083   -2.72764         -1.175123996316094E-05         -1.217377512003081E-07         -1.187297771436125E-05          9.736523837950203E-07    5.26284
    -1.16539    3.88277   -2.51923         -1.197726995060269E-05         -9.876038555394979E-08         -1.207603033615664E-05          9.448719491977658E-07    4.77290
    -1.39543    2.85946   -2.67098         -1.223779611700437E-05         -6.083865052618734E-08         -1.229863476753056E-05          9.388568304429661E-07    4.15426
    -1.94232    2.27312   -2.50279         -1.239787890557014E-05         -5.372325820375945E-08         -1.245160216377390E-05          9.014867406794278E-07    3.89919
    -2.06500    1.16719   -2.70311         -1.249843073030605E-05         -3.381279335954504E-08         -1.253224352366560E-05          9.012227962111164E-07    3.59630
    -2.55678    0.56693   -2.56980         -1.255971433564727E-05         -4.121641699609515E-08         -1.260093075264336E-05          8.626523482884946E-07    3.66912
    -2.77069   -0.62931   -2.62258         -1.248990297461723E-05         -4.851309707267031E-08         -1.253841607168990E-05          8.563157647344269E-07    3.86661
    -2.45393   -1.27625   -2.81491         -1.234891856304858E-05         -4.597639271857887E-08         -1.239489495576716E-05          8.911576790161273E-07    3.94643
    -2.60294   -2.49838   -2.68311         -1.210039155047327E-05         -7.822668035234647E-08         -1.217861823082561E-05          8.846872182212435E-07    4.49625
    -2.05165   -3.15342   -2.87234         -1.189566077708024E-05         -8.505461504360614E-08         -1.198071539212385E-05          9.235646536611822E-07    4.73325
    -1.84032   -4.26918   -2.70892         -1.156020187967082E-05         -1.298814550638779E-07         -1.169008333473470E-05          9.300239555093119E-07    5.38060
    -1.06121   -4.86412   -2.89833         -1.137909594427409E-05         -1.489505208118150E-07         -1.152804646508590E-05          9.619084368316838E-07    5.76074
    -0.57010   -5.78216   -2.70849         -1.109743084027661E-05         -2.028714967713158E-07         -1.130030233704793E-05          9.671663867007240E-07    6.41049
     0.43184   -6.23608   -2.89229         -1.098536215902899E-05         -2.348227232644361E-07         -1.122018488229342E-05          9.890443438571105E-07    6.88771
     1.09633   -6.90726   -2.68301         -1.080006393173818E-05         -2.939375929261893E-07         -1.109400152466437E-05          9.894060443423084E-07    7.49070
     2.27281   -7.16084   -2.86407         -1.075039443949328E-05         -3.391962570664948E-07         -1.108959069655978E-05          1.002538208341337E-06    8.04029
     2.98840   -7.62998   -2.65831         -1.061303997918068E-05         -4.035214689327321E-07         -1.101656144811341E-05          9.962299920706824E-07    8.61475
     4.27701   -7.67899   -2.85497         -1.057497208759601E-05         -4.642925032959978E-07         -1.103926459089201E-05          1.000192136654657E-06    9.24178
     4.98052   -8.05358   -2.67983         -1.039803104622223E-05         -5.388467475209181E-07         -1.093687779374315E-05          9.841182475603344E-07    9.84110
     6.33116   -8.19574   -2.72504         -1.019323579303171E-05         -6.445409215391609E-07         -1.083777671457087E-05          9.690850934069597E-07   10.70885
     7.04179   -7.84601   -2.91270         -1.024939633250674E-05         -6.679362204320403E-07         -1.091733255293878E-05          9.732266864022368E-07   10.93757
     8.38138   -7.90212   -2.75520         -1.000473421178769E-05         -7.974071657896675E-07         -1.080214137757736E-05          9.506751592858574E-07   11.84408
     9.04020   -7.25867   -2.90525         -1.015072704746711E-05         -8.077579480873527E-07         -1.095848499555447E-05          9.613252492436643E-07   11.95215
    10.19204   -6.96727   -2.71355         -1.000331144001831E-05         -9.159718877279724E-07         -1.091928332774629E-05          9.456605825087125E-07   12.64057
    10.70194   -6.10243   -2.83869         -1.020120015679791E-05         -9.120688857125349E-07         -1.111326904251044E-05          9.584141187896678E-07   12.64236
    11.63065   -5.61968   -2.64365         -1.009348291709038E-05         -1.002701984440883E-06         -1.109618490153126E-05          9.425844598587901E-07   13.18490
    11.99533   -4.64731   -2.78026         -1.025535279715111E-05         -9.944860483108200E-07         -1.124983884546193E-05          9.529765048228679E-07   13.16113
    12.75416   -4.09863   -2.61146         -1.011160852118267E-05         -1.078509269715080E-06         -1.119011779089775E-05          9.344677482296354E-07   13.64870
    12.97509   -3.03578   -2.77393         -1.021518055107944E-05         -1.067101568326190E-06         -1.128228211940563E-05          9.455160615745668E-07   13.61116
    13.57760   -2.44421   -2.62331         -1.004290410994200E-05         -1.143761383945254E-06         -1.118666549388725E-05          9.283647094081005E-07   14.04305
    13.59973   -1.28176   -2.80652         -1.012521673860174E-05         -1.121347081897503E-06         -1.124656382049924E-05          9.404627432684374E-07   13.94533
    14.03730   -0.66232   -2.65899         -9.958321677731942E-06         -1.186784127639447E-06         -1.114510580537139E-05          9.244002785264723E-07   14.30226
    13.16150    0.58237   -3.18107         -1.029792479506315E-05         -1.043034655207693E-06         -1.134095945027084E-05          9.623178680218968E-07   13.55299
    12.73699    1.24508   -3.35086         -1.042975271537108E-05         -9.842427043090437E-07         -1.141399541968012E-05          9.744410712876091E-07   13.22911
    12.91067    2.55342   -3.28075         -1.020361672174122E-05         -1.040878106339146E-06         -1.124449482808036E-05          9.531366908382978E-07   13.56350
    12.24616    3.21206   -3.46418         -1.033876258567641E-05         -9.632371981213654E-07         -1.130199978379778E-05          9.675542379695721E-07   13.12578
    12.10693    4.45525   -3.40570         -1.009020247362991E-05         -1.000143539805518E-06         -1.109034601343543E-05          9.490588229891216E-07   13.34263
    11.09261    4.97171   -3.55805         -1.028954505001127E-05         -8.879874197587942E-07         -1.117753246977007E-05          9.710484880992340E-07   12.66584
    10.58138    5.95084   -3.43303         -1.013919408009760E-05         -8.856687094188350E-07         -1.102486278951644E-05          9.637280735063142E-07   12.61601
     9.26649    6.15520   -3.53162         -1.042888191797082E-05         -7.437023039524717E-07         -1.117258422192329E-05          9.920581606017316E-07   11.67162
     8.55166    6.79247   -3.34993         -1.037424502521318E-05         -7.167451845813821E-07         -1.109099020979456E-05          9.896404893536397E-07   11.42325
     7.13217    6.69812   -3.45410         -1.065944908917531E-05         -5.753060774468903E-07         -1.123475516662220E-05          1.013483209077184E-06   10.37610
     6.39705    7.11316   -3.28166         -1.060048642941378E-05         -5.499856400059875E-07         -1.115047206941977E-05          1.007547610046962E-06   10.11378
     4.98784    7.08558   -3.26386         -1.071743262388167E-05         -4.512173964451995E-07         -1.116865002032687E-05          1.013304371657875E-06    9.25941
     4.26713    6.62335   -3.40245         -1.092569140280224E-05         -3.730525913790604E-07         -1.129874399418130E-05          1.024782492806174E-06    8.58218
     2.93679    6.58553   -3.22394         -1.096449166862645E-05         -3.124579005353422E-07         -1.127694956916180E-05          1.016359191278092E-06    7.89859
     2.29307    5.87575   -3.34243         -1.123490752475627E-05         -2.390734416609961E-07         -1.147398096641726E-05          1.025688989128923E-06    7.13823
     1.18308    5.52406   -3.14743         -1.135695916023371E-05         -1.917926518122005E-07         -1.154875181204592E-05          1.012867834832987E-06    6.46693
     0.70547    4.60307   -3.25646         -1.166013977618576E-05         -1.303220399427482E-07         -1.179046181612851E-05          1.017770010784103E-06    5.68248
    -0.12929    4.05910   -3.05579         -1.184117490758010E-05         -9.911480526443653E-08         -1.194028971284454E-05          9.967752727000488E-07    5.08241
    -0.40398    2.99573   -3.18106         -1.210599726470709E-05         -5.491236927927738E-08         -1.216090963398637E-05          9.967370146046250E-07    4.38825
    -1.02358    2.38415   -3.00466         -1.226478429629787E-05         -4.045534071664466E-08         -1.230523963701451E-05          9.686561653801025E-07    3.96987
    -1.09502    1.21849   -3.17477         -1.239117677633093E-05         -1.612834996152519E-08         -1.240730512629245E-05          9.720497869385139E-07    3.57253
    -1.58955    0.58787   -3.04141         -1.244753087037209E-05         -1.726080511235111E-08         -1.246479167548444E-05          9.444096164423998E-07    3.48173
    -1.76458   -0.65934   -3.10043         -1.237764366835894E-05         -2.132451681157833E-08         -1.239896818517052E-05          9.409004538331809E-07    3.62782
    -1.37764   -1.32548   -3.28079         -1.226977870051052E-05         -2.196340529314611E-08         -1.229174210580366E-05          9.669487963098745E-07    3.79715
    -1.51570   -2.59744   -3.18451         -1.202251396572045E-05         -5.435029697688241E-08         -1.207686426269733E-05          9.589554075869392E-07    4.38009
    -0.85547   -3.25736   -3.36623         -1.185500258913757E-05         -6.816117495620580E-08         -1.192316376409377E-05          9.874091294485402E-07    4.76170
    -0.61231   -4.40828   -3.24348         -1.152450628321253E-05         -1.190355892259025E-07         -1.164354187243844E-05          9.872333114296006E-07    5.50709
     0.33787   -4.95721   -3.42222         -1.138033076004863E-05         -1.483629458374145E-07         -1.152869370588604E-05          1.010390407583047E-06    6.03321
     0.89090   -5.86696   -3.26087         -1.110643277715764E-05         -2.116243153292477E-07         -1.131805709248689E-05          1.008619447205483E-06    6.77113
     2.10202   -6.17861   -3.42470         -1.104171805013097E-05         -2.559668250141090E-07         -1.129768487514507E-05          1.024297971946970E-06    7.37036
     2.81944   -6.80131   -3.23718         -1.085811723608878E-05         -3.257577646870435E-07         -1.118387500077583E-05          1.017928029668161E-06    8.04279
     4.19424   -6.79394   -3.39109         -1.086537011545405E-05         -3.831013929374653E-07         -1.124847150839152E-05          1.026411384947363E-06    8.67460
     4.93622   -7.20247   -3.21464         -1.070813417901424E-05         -4.581757644529456E-07         -1.116630994346719E-05          1.013336566275473E-06    9.30461
     6.35036   -7.22734   -3.22716         -1.058420214050597E-05         -5.562488266539559E-07         -1.114045096715993E-05          1.004274519765076E-06   10.14771
     7.07442   -6.76695   -3.37668         -1.067055765205362E-05         -5.759451736637073E-07         -1.124650282571733E-05          1.010498460852249E-06   10.35572
     8.42467   -6.74217   -3.21227         -1.047444954645445E-05         -6.996976370691750E-07         -1.117414718352362E-05          9.912371958808260E-07   11.25835
     9.06131   -6.00313   -3.33017         -1.061479545331514E-05         -7.099919564833447E-07         -1.132478740979849E-05          1.000877817892121E-06   11.36815
    10.18673   -5.65479   -3.14829         -1.047625885288404E-05         -8.157669646873232E-07         -1.129202581757136E-05          9.851068182222835E-07   12.06888
    10.65240   -4.70953   -3.25971         -1.062911401875013E-05         -8.152091822114589E-07         -1.144432320096159E-05          9.958514597383483E-07   12.09459
    11.53229   -4.18480   -3.08673         -1.050616013254042E-05         -9.044686704743589E-07         -1.141062880301478E-05          9.800682637782631E-07   12.65047
    11.82654   -3.11733   -3.23440         -1.060009177789358E-05         -8.989302903711769E-07         -1.149902206826476E-05          9.896039951142999E-07   12.65093
    12.51051   -2.51699   -3.09040         -1.044592220509193E-05         -9.786370914810468E-07         -1.142455929657298E-05          9.732515600699460E-07   13.13007
    12.56493   -1.32738   -3.26735         -1.051553496525777E-05         -9.593529887951268E-07         -1.147488795405289E-05          9.829247870534302E-07   13.05047
    13.05163   -0.68372   -3.13409         -1.036094076988203E-05         -1.026499184856042E-06         -1.138743995473807E-05          9.668371140549591E-07   13.44006
    12.02271    0.59973   -3.60496         -1.071268682614495E-05         -8.708088788386537E-07         -1.158349570498360E-05          1.004494446583084E-06   12.56587
    11.51193    1.27749   -3.75288         -1.084942785341281E-05         -8.062139716065343E-07         -1.165564182501934E-05          1.017062121250128E-06   12.17541
    11.56169    2.58148   -3.68221         -1.069298740397149E-05         -8.433537594598277E-07         -1.153634116343132E-05          1.001635170013031E-06   12.40546
    10.74991    3.20423   -3.84427         -1.082715890754753E-05         -7.561618773792344E-07         -1.158332078492676E-05          1.017168373364414E-06   11.85774
    10.42006    4.35127   -3.77859         -1.066310982096250E-05         -7.662787648983490E-07         -1.142938858586085E-05          1.006283597833179E-06   11.90751
     9.23889    4.73483   -3.90425         -1.085474013082808E-05         -6.476785283656230E-07         -1.150241865919370E-05          1.026933880369179E-06   11.09139
     8.59656    5.55963   -3.78230         -1.075820788719411E-05         -6.298577207982877E-07         -1.138806560799239E-05          1.021891139660470E-06   10.91403
     7.16947    5.53561   -3.86632         -1.102310789779899E-05         -4.930452799983944E-07         -1.151615317779738E-05          1.042989763746137E-06    9.84849
     6.41991    6.03683   -3.71981         -1.096804950135815E-05         -4.666896232128495E-07         -1.143473912457100E-05          1.037018514107569E-06    9.56533
     4.96408    5.98963   -3.68596         -1.111742291433762E-05         -3.636822027599894E-07         -1.148110511709761E-05          1.042759940208795E-06    8.60838
     4.23526    5.43757   -3.78427         -1.134469731747101E-05         -2.854793503203518E-07         -1.163017666779136E-05          1.053925708740558E-06    7.86291
     2.89459    5.36150   -3.61924         -1.140960901109271E-05         -2.230987211422770E-07         -1.163270773223499E-05          1.045053576865599E-06    7.08684
     2.28618    4.53904   -3.71167         -1.166700196426043E-05         -1.552223201141791E-07         -1.182222428437461E-05          1.053271017350520E-06    6.29333
     1.20705    4.13230   -3.54388         -1.178106276789004E-05         -1.113735011856908E-07         -1.189243626907573E-05          1.038882834915148E-06    5.57602
     0.82895    3.07961   -3.64723         -1.202608988128606E-05         -6.112354513813909E-08         -1.208721342642420E-05          1.042774000805506E-06    4.84494
     0.05269    2.48701   -3.48508         -1.215526149965267E-05         -3.718680308944119E-08         -1.219244830274211E-05          1.022074406891916E-06    4.28180
    -0.01142    1.26958   -3.61879         -1.230530146839504E-05         -9.687123949100709E-09         -1.231498859234414E-05          1.026914655672237E-06    3.83505
    -0.53953    0.61264   -3.48488         -1.236638994139368E-05         -4.004861507849381E-09         -1.237039480290152E-05          1.006205614114928E-06    3.57922
    -0.64711   -0.68412   -3.53188         -1.232155776248867E-05         -5.329055639966501E-09         -1.232688681812863E-05          1.004463444345427E-06    3.65527
    -0.17859   -1.36696   -3.69887         -1.223277680216997E-05         -1.142084565378706E-08         -1.224419764782375E-05          1.024348325561087E-06    3.94742
    -0.24889   -2.66824   -3.62950         -1.200106399418177E-05         -4.315683332929707E-08         -1.204422082751107E-05          1.016606872241142E-06    4.51162
     0.55136   -3.30618   -3.80294         -1.185401607089427E-05         -6.751577191829530E-08         -1.192153184281257E-05          1.037535491151390E-06    5.06924
     0.89495   -4.44423   -3.71842         -1.154235883510577E-05         -1.235079273237290E-07         -1.166586676242950E-05          1.033503043237880E-06    5.86334
     2.06099   -4.85630   -3.86884         -1.144496347872659E-05         -1.672526572794341E-07         -1.161221613600602E-05          1.049707685513685E-06    6.54211
     2.71502   -5.68093   -3.73648         -1.119912845504385E-05         -2.382424984412667E-07         -1.143737095348512E-05          1.043078251317963E-06    7.32158
     4.13781   -5.68506   -3.84854         -1.120613402763600E-05         -2.971183544056191E-07         -1.150325238204161E-05          1.053369075498549E-06    8.01578
     4.89961   -6.17537   -3.69067         -1.103958276276098E-05         -3.734385614747981E-07         -1.141302132423578E-05          1.042359582520649E-06    8.70416
     6.36565   -6.12351   -3.66374         -1.096530041202493E-05         -4.688547265053555E-07         -1.143415513853028E-05          1.037019634682482E-06    9.56252
     7.09992   -5.57029   -3.77397         -1.105782869911947E-05         -4.893955387203330E-07         -1.154722423783980E-05          1.043928764541885E-06    9.78160
     8.44533   -5.47469   -3.60480         -1.089468158122309E-05         -6.087374791795206E-07         -1.150341906040261E-05          1.027365166610716E-06   10.69067
     9.05403   -4.64579   -3.70687         -1.099987446368684E-05         -6.223374335613265E-07         -1.162221189724817E-05          1.035450961742129E-06   10.83050
    10.13568   -4.22897   -3.54366         -1.086029801753328E-05         -7.248437130583185E-07         -1.158514173059159E-05          1.020296720703633E-06   11.54009
    10.52889   -3.18024   -3.67036         -1.094507326363359E-05         -7.269780462300017E-07         -1.167205130986359E-05          1.028559743289279E-06   11.59495
    11.33985   -2.59332   -3.53408         -1.079690564543458E-05         -8.131915992733635E-07         -1.161009724470795E-05          1.013418589238201E-06   12.15760
    11.41942   -1.37225   -3.69117         -1.087370065315438E-05         -7.949742372502946E-07         -1.166867489040468E-05          1.021983797588032E-06   12.07936
    11.96052   -0.70663   -3.56843         -1.073692039569423E-05         -8.626839541125605E-07         -1.159960434980679E-05          1.007273508589681E-06   12.50148
    10.78275    0.61668   -3.98419         -1.107926338902412E-05         -7.009965968366826E-07         -1.178025998586080E-05          1.042798117416532E-06   11.51181
    10.18240    1.30720   -4.11985         -1.119889040838005E-05         -6.333420641493725E-07         -1.183223247252942E-05          1.054951444740883E-06   11.06179
    10.09980    2.59076   -4.05060         -1.109207694577181E-05         -6.533415970171804E-07         -1.174541854278899E-05          1.044518523237978E-06   11.18595
     9.09457    3.12863   -4.19421         -1.122126013674802E-05         -5.558758731843079E-07         -1.177713600993233E-05          1.059805831493122E-06   10.49242
     8.56351    4.12566   -4.11354         -1.113408944753527E-05         -5.429869775543635E-07         -1.167707642508963E-05          1.053747769888351E-06   10.35741
     7.18111    4.22908   -4.20360         -1.134408734633670E-05         -4.173811640970616E-07         -1.176146851043376E-05          1.070852749444053E-06    9.33401
     6.42941    4.81423   -4.07832         -1.131579754572685E-05         -3.876978757575291E-07         -1.170349542148438E-05          1.065821540282515E-06    9.00816
     4.95103    4.76339   -4.03013         -1.148730009206944E-05         -2.836642229598230E-07         -1.177096431502926E-05          1.070813374259047E-06    7.96521
     4.21813    4.14575   -4.10686         -1.169116338689562E-05         -2.102117056978658E-07         -1.190137509259349E-05          1.080341208574429E-06    7.20043
     2.89395    3.99747   -3.95343         -1.178810934606176E-05         -1.463598610204801E-07         -1.193446920708224E-05          1.071514994106035E-06    6.32332
     2.36039    3.04409   -4.04263         -1.199058616558775E-05         -8.916870606016765E-08         -1.207975487164791E-05          1.077480466668912E-06    5.58398
     1.37451    2.53297   -3.90422         -1.209528897449503E-05         -4.991015878672840E-08         -1.214519913328176E-05          1.063431070867968E-06    4.85264
     1.24196    1.30405   -4.01183         -1.224022884478979E-05         -1.948882577689105E-08         -1.225971767056668E-05          1.068523323498699E-06    4.39747
     0.63228    0.63326   -3.88854         -1.230235057494926E-05         -4.812443445959485E-09         -1.230716301839522E-05          1.053307718831525E-06    3.99019
     0.57269   -0.70651   -3.92162         -1.227820403773510E-05         -4.970669715021750E-09         -1.228317470745012E-05          1.052505263128299E-06    4.02569
     1.15026   -1.39725   -4.06804         -1.220007624280677E-05         -1.968370361772523E-08         -1.221975994642449E-05          1.067382780255110E-06    4.45246
     1.19923   -2.69564   -4.01873         -1.199219044451556E-05         -5.231051856816986E-08         -1.204450096308373E-05          1.060654981555196E-06    4.98546
     2.21059   -3.23544   -4.16135         -1.187381115543353E-05         -9.227471080099925E-08         -1.196608586623453E-05          1.075219807592717E-06    5.71591
     2.72876   -4.25806   -4.09598         -1.161434003551942E-05         -1.537062218081071E-07         -1.176804625732753E-05          1.069266787177103E-06    6.50801
     4.12733   -4.35486   -4.18588         -1.157711188653103E-05         -2.163401145038945E-07         -1.179345200103493E-05          1.078923793159584E-06    7.31582
     4.88235   -4.95724   -4.07080         -1.139186836412125E-05         -2.909294470963706E-07         -1.168279781121762E-05          1.069801478211807E-06    8.06120
     6.37842   -4.89432   -4.02316         -1.131713823535403E-05         -3.884457483948266E-07         -1.170558398374886E-05          1.065757669120734E-06    8.99024
     7.11508   -4.26155   -4.10196         -1.139054837824274E-05         -4.133642806416935E-07         -1.180391265888443E-05          1.071900124956829E-06    9.25263
     8.44528   -4.10861   -3.95483         -1.122497028819980E-05         -5.300592077919699E-07         -1.175502949599177E-05          1.057360982212797E-06   10.19040
     8.98190   -3.14774   -4.05636         -1.128894060388756E-05         -5.443578986959980E-07         -1.183329850258356E-05          1.063678935148595E-06   10.34586
     9.98386   -2.63619   -3.93509         -1.113353503654042E-05         -6.407747783295223E-07         -1.177430981486994E-05          1.049728193901776E-06   11.05042
    10.12784   -1.40372   -4.06665         -1.120651748932224E-05         -6.282549494563995E-07         -1.183477243877864E-05          1.057124127536643E-06   11.00369
    10.75244   -0.72669   -3.95900         -1.108029503598262E-05         -6.979614785444649E-07         -1.177825651452709E-05          1.044258230844745E-06   11.48114
     9.43095    0.63195   -4.32023         -1.138229996743083E-05         -5.369023033966845E-07         -1.191920227082752E-05          1.075682771282701E-06   10.39262
     8.68860    1.30693   -4.43904         -1.148812622249551E-05         -4.639328380551961E-07         -1.195205906055071E-05          1.086636105296053E-06    9.84403
     8.43481    2.52006   -4.38228         -1.141657022078209E-05         -4.657171477876367E-07         -1.188228736856972E-05          1.080506121413014E-06    9.83367
     7.14912    2.78163   -4.47493         -1.158384511852322E-05         -3.536433709045915E-07         -1.193748848942781E-05          1.093877989481830E-06    8.88101
     6.42648    3.49363   -4.37692         -1.158065111549438E-05         -3.215386469227231E-07         -1.190218976241710E-05          1.090100761521528E-06    8.52423
     4.94187    3.46114   -4.32838         -1.175444303338435E-05         -2.187553278397766E-07         -1.197319836122413E-05          1.094025024095319E-06    7.42539
     4.22953    2.73963   -4.38993         -1.192361465250778E-05         -1.526083973525465E-07         -1.207622304986032E-05          1.101226171827661E-06    6.68326
     2.97223    2.47087   -4.25761         -1.203926038221801E-05         -8.977795324287039E-08         -1.212903833546088E-05          1.093068976221713E-06    5.75035
     2.69871    1.29701   -4.33928         -1.216973702257862E-05         -5.387683829683714E-08         -1.222361386087546E-05          1.097925984386337E-06    5.27206
     1.95432    0.64131   -4.23190         -1.224188490504219E-05         -2.542412199431516E-08         -1.226730902703650E-05          1.087641814685670E-06    4.70528
     1.92222   -0.72022   -4.25505         -1.222728687723223E-05         -2.532197484220884E-08         -1.225260885207443E-05          1.087425651187059E-06    4.72431
     2.65690   -1.38678   -4.36701         -1.215403613408621E-05         -5.397900294502913E-08         -1.220801513703124E-05          1.097517458457728E-06    5.29651
     2.89630   -2.60362   -4.32263         -1.198556551476184E-05         -9.114855302635829E-08         -1.207671406778820E-05          1.091965127055428E-06    5.81829
     4.17951   -2.85874   -4.40965         -1.189867599941106E-05         -1.540876314311796E-07         -1.205276363084224E-05          1.100008544139890E-06    6.71459
     4.89237   -3.58736   -4.33827         -1.172164877082997E-05         -2.211762988676865E-07         -1.194282506969766E-05          1.093100174569983E-06    7.45822
     6.38405   -3.55696   -4.30199         -1.161250490473660E-05         -3.209560008120053E-07         -1.193346090554860E-05          1.089408202130648E-06    8.48028
     7.09647   -2.82851   -4.36770         -1.164469060721574E-05         -3.507171563225073E-07         -1.199540776353824E-05          1.093756323095772E-06    8.79984
     8.36412   -2.57223   -4.26919         -1.146865449995229E-05         -4.601768116219398E-07         -1.192883131157423E-05          1.081568813489523E-06    9.73657
     8.64494   -1.39255   -4.37349         -1.151630785932487E-05         -4.607738817650649E-07         -1.197708174108993E-05          1.087107302703856E-06    9.78783
     9.40670   -0.73560   -4.29222         -1.138853461414737E-05         -5.350092636044225E-07         -1.192354387775179E-05          1.076282116446353E-06   10.36582
     7.91621    0.61963   -4.57915         -1.164054226768365E-05         -3.789007685470635E-07         -1.201944303623071E-05          1.101524364667909E-06    9.16618
     6.90559    1.10416   -4.64773         -1.176960271424914E-05         -2.939028227670748E-07         -1.206350553701621E-05          1.110325506186593E-06    8.39689
     6.39229    2.05303   -4.60027         -1.175934915975181E-05         -2.708861719364367E-07         -1.203023533168825E-05          1.107770995506652E-06    8.13872
     4.95730    2.04353   -4.56382         -1.192178653692537E-05         -1.727784501737974E-07         -1.209456498709917E-05          1.110842006530938E-06    7.04126
     4.44192    1.09814   -4.59491         -1.205112095858469E-05         -1.258184418384895E-07         -1.217693940042318E-05          1.115266216060740E-06    6.48458
     3.44063    0.62038   -4.50269         -1.215221993407760E-05         -7.345315234351216E-08         -1.222567308642111E-05          1.109896918562467E-06    5.70062
     3.43092   -0.70188   -4.50728         -1.215105310385114E-05         -7.369962772425661E-08         -1.222475273157540E-05          1.109779365406893E-06    5.70784
     4.42910   -1.18093   -4.57538         -1.206760895771484E-05         -1.262688861384717E-07         -1.219387784385331E-05          1.114783403345622E-06    6.47654
     4.93829   -2.12094   -4.52213         -1.195283155897531E-05         -1.735849815870420E-07         -1.212641654056235E-05          1.109867662609992E-06    7.02387
     6.36357   -2.12111   -4.51645         -1.181168755726643E-05         -2.703927559309292E-07         -1.208208031319736E-05          1.106819534653772E-06    8.08657
     6.88307   -1.18458   -4.58606         -1.180838461319804E-05         -2.931429422811324E-07         -1.210152755547917E-05          1.109803690085450E-06    8.35535
     7.89679   -0.71230   -4.54161         -1.166117010924626E-05         -3.777976945976890E-07         -1.203896780384395E-05          1.101423992341980E-06    9.13745
     6.17789    0.43321   -4.70120         -1.187998371833692E-05         -2.304887628593085E-07         -1.211047248119623E-05          1.117524092109165E-06    7.77530
     5.14921    0.43669   -4.68484         -1.199329084167773E-05         -1.604842328863997E-07         -1.215377507456413E-05          1.119516448718295E-06    6.97516
     5.14611   -0.52011   -4.66072         -1.201326848782940E-05         -1.607717293450842E-07         -1.217404021717448E-05          1.119049205577273E-06    6.96241
     6.17479   -0.52359   -4.67708         -1.189535735252498E-05         -2.307778935961632E-07         -1.212613524612115E-05          1.117196602884525E-06    7.76384
   -10.83592    0.38668    4.76630         -1.030145144382320E-05         -7.065175517806506E-07         -1.100796899560385E-05          9.896956917537479E-07   11.84417
   -11.58135    0.38912    4.76064         -1.014061992590924E-05         -8.069512806862549E-07         -1.094757120659550E-05          9.841734401995993E-07   12.52768
   -11.58357   -0.27653    4.75865         -1.013717827642886E-05         -8.068095932259989E-07         -1.094398786965486E-05          9.843695025579844E-07   12.52599
   -10.83814   -0.27897    4.76431         -1.030093586164544E-05         -7.063755065861213E-07         -1.100731136823157E-05          9.901740569592104E-07   11.84237
    -9.58162    0.51359    4.64545         -1.059219864480778E-05         -5.533022241541224E-07         -1.114550086896191E-05          9.893486711369153E-07   10.66074
   -10.31799    0.84958    4.68543         -1.043128880502065E-05         -6.441142999559336E-07         -1.107540310497658E-05          9.896604209990294E-07   11.36380
   -10.68963    1.50968    4.61930         -1.033148060583504E-05         -7.003920027713418E-07         -1.103187260860638E-05          9.844501520484319E-07   11.74246
   -11.73047    1.52014    4.64508         -1.008066939761765E-05         -8.408178998706145E-07         -1.092148729748826E-05          9.768798186677510E-07   12.70793
   -12.10425    0.86248    4.70555         -1.001719339993108E-05         -8.849404062027272E-07         -1.090213380613381E-05          9.763249475947688E-07   13.01534
   -12.84681    0.53144    4.67794         -9.829660797932623E-06         -9.935091899812462E-07         -1.082316998791387E-05          9.656320551384264E-07   13.68233
   -12.84074   -0.40416    4.65505         -9.843931953820604E-06         -9.918567313089316E-07         -1.083578868512954E-05          9.658524751771858E-07   13.66446
   -12.10040   -0.73877    4.68067         -1.002680367180153E-05         -8.831897081896884E-07         -1.090999337999122E-05          9.769967783756880E-07   12.99516
   -11.73105   -1.37948    4.57955         -1.011619705643816E-05         -8.384494437054724E-07         -1.095464650014363E-05          9.781932130103017E-07   12.66858
   -10.69191   -1.39090    4.60302         -1.033668995683137E-05         -6.986145968591538E-07         -1.103530455369052E-05          9.872876037505043E-07   11.72346
   -10.31583   -0.75263    4.70980         -1.040913182095695E-05         -6.429133465133583E-07         -1.105204516747031E-05          9.913824024987636E-07   11.36508
    -9.57725   -0.42297    4.67181         -1.057481450386393E-05         -5.522886296816612E-07         -1.112710313354559E-05          9.907400427612561E-07   10.66435
    -8.47557    0.52346    4.39562         -1.089188674360930E-05         -4.333408310674621E-07         -1.132522757467677E-05          9.767292703417026E-07    9.56194
    -9.03098    0.99070    4.47914         -1.073967049153364E-05         -4.960247073667361E-07         -1.123569519890037E-05          9.821891450909394E-07   10.12930
    -9.22694    1.83137    4.38306         -1.065205906231068E-05         -5.317828980801294E-07         -1.118384196039081E-05          9.769837425503451E-07   10.37793
   -10.14923    2.01435    4.48324         -1.042411370879797E-05         -6.434042539110050E-07         -1.106751796270897E-05          9.803851742897767E-07   11.27670
   -10.66436    2.52957    4.41669         -1.025587025607051E-05         -7.219057786811811E-07         -1.097777603475169E-05          9.731062070113869E-07   11.81670
   -11.75543    2.55360    4.45480         -9.983682334488045E-06         -8.696415318645211E-07         -1.085332386635257E-05          9.652744062791700E-07   12.82795
   -12.28113    2.04884    4.54713         -9.899413972865557E-06         -9.316170302723651E-07         -1.083103100313792E-05          9.644858829314462E-07   13.25520
   -13.24041    1.89079    4.50757         -9.642724413764608E-06         -1.075001784523882E-06         -1.071772619828849E-05          9.493243917598626E-07   14.11389
   -13.43231    1.03104    4.57791         -9.654973202177372E-06         -1.090664432620671E-06         -1.074563763479804E-05          9.518390142278507E-07   14.22839
   -14.01148    0.56075    4.51267         -9.505261686478401E-06         -1.181685210853352E-06         -1.068694689733175E-05          9.399845583115283E-07   14.73093
   -14.00591   -0.43099    4.50359         -9.511192370882520E-06         -1.179974188147890E-06         -1.069116655903041E-05          9.398965837867174E-07   14.71848
   -13.42067   -0.89629    4.54594         -9.672959886252619E-06         -1.087225676218568E-06         -1.076018556247119E-05          9.517612606006483E-07   14.19800
   -13.20084   -1.70590    4.39282         -9.731411960502514E-06         -1.064718108474171E-06         -1.079613006897668E-05          9.509784047440336E-07   14.01675
   -12.25157   -1.85448    4.40081         -1.000752805863521E-05         -9.226995347236641E-07         -1.093022759335887E-05          9.673578037202274E-07   13.14942
   -11.73850   -2.30177    4.23518         -1.016016694328859E-05         -8.599032736419340E-07         -1.102007021693052E-05          9.695428509688039E-07   12.68965
   -10.68131   -2.33676    4.28685         -1.036119562882922E-05         -7.184411401411279E-07         -1.107963676897035E-05          9.791096598120609E-07   11.74427
   -10.15524   -1.90088    4.47596         -1.042904684927115E-05         -6.414679619079167E-07         -1.107051481117907E-05          9.855830234285818E-07   11.25950
    -9.19280   -1.76491    4.48117         -1.059173466984558E-05         -5.265681195028626E-07         -1.111830278934844E-05          9.838478662309933E-07   10.37803
    -8.99090   -0.92528    4.57024         -1.067961684508212E-05         -4.909303655263934E-07         -1.117054721060851E-05          9.860125391240654E-07   10.12815
    -8.43986   -0.45596    4.46036         -1.085070066343679E-05         -4.293136273872307E-07         -1.128001429082402E-05          9.786214934526872E-07    9.55688
    -7.48788    0.51119    4.04826         -1.120608139714263E-05         -3.385137467354356E-07         -1.154459514387807E-05          9.531138804301304E-07    8.52749
    -7.94521    0.99297    4.15975         -1.105567551812408E-05         -3.852836396915248E-07         -1.144095915781560E-05          9.626461757177473E-07    9.02308
    -8.03451    1.87653    4.03887         -1.097780770445283E-05         -4.090949687098541E-07         -1.138690267316268E-05          9.564853786518539E-07    9.18625
    -8.76082    2.24769    4.17866         -1.074048764521736E-05         -4.916022361411026E-07         -1.123208988135846E-05          9.662427602604870E-07    9.96320
    -9.14046    2.94543    4.09515         -1.055198142407112E-05         -5.542182580458291E-07         -1.110619968211695E-05          9.605019321726412E-07   10.44001
   -10.12171    3.04433    4.23300         -1.031117173818472E-05         -6.713638393733895E-07         -1.098253557755811E-05          9.656969999618704E-07   11.38575
   -10.65959    3.49622    4.15316         -1.011357969527955E-05         -7.562991612198227E-07         -1.086987885649937E-05          9.567046933754010E-07   11.96241
   -11.75200    3.52077    4.18027         -9.852278754774834E-06         -9.044621806220755E-07         -1.075674093539691E-05          9.496527602309118E-07   12.96071
   -12.30519    3.09291    4.29824         -9.775145755504394E-06         -9.674321211038452E-07         -1.074257787660824E-05          9.502815656775035E-07   13.39621
   -13.32632    3.03574    4.21858         -9.503104073964699E-06         -1.122613862789265E-06         -1.062571793675396E-05          9.332701652021830E-07   14.30394
   -13.73584    2.33838    4.33559         -9.468247184218586E-06         -1.166693292740516E-06         -1.063494047695910E-05          9.335077090086554E-07   14.59242
   -14.50535    1.97179    4.22018         -9.293067155876477E-06         -1.287795303350422E-06         -1.058086245922690E-05          9.178635570200829E-07   15.23493
   -14.58910    1.05390    4.32693         -9.334092020635675E-06         -1.285747902848862E-06         -1.061983992348454E-05          9.229474507894097E-07   15.25368
   -15.06471    0.55677    4.21090         -9.219650429332148E-06         -1.365693515069057E-06         -1.058534394440121E-05          9.102899849070077E-07   15.65207
   -15.08075   -0.43213    4.22892         -9.201031866933655E-06         -1.367857447228367E-06         -1.056888931416202E-05          9.089997732419141E-07   15.66842
   -14.59956   -0.92673    4.33586         -9.320551028164331E-06         -1.286069867330090E-06         -1.060662089549442E-05          9.211748017966795E-07   15.25797
   -14.48151   -1.81014    4.18300         -9.330257799376461E-06         -1.279967976388175E-06         -1.061022577576464E-05          9.181786847501771E-07   15.18183
   -13.66803   -2.12399    4.19761         -9.593009168228515E-06         -1.149777379857187E-06         -1.074278654808570E-05          9.364841287854557E-07   14.45498
   -13.22054   -2.71860    3.97196         -9.742616507041018E-06         -1.094772751166106E-06         -1.083738925820712E-05          9.396409314861115E-07   14.06947
   -12.24029   -2.74779    4.00154         -1.004336361556983E-05         -9.457454913283225E-07         -1.098910910689816E-05          9.566561932667517E-07   13.16766
   -11.72356   -3.10675    3.84404         -1.017174733455106E-05         -8.839607207378329E-07         -1.105570805528890E-05          9.575763030698456E-07   12.72283
   -10.69296   -3.17807    3.91967         -1.033609470789110E-05         -7.478196586524788E-07         -1.108391436654358E-05          9.665329196649025E-07   11.82385
   -10.15249   -2.85410    4.12885         -1.040958813750361E-05         -6.683708883211517E-07         -1.107795902582476E-05          9.744355325479717E-07   11.32547
    -9.10695   -2.88992    4.18152         -1.050623263277148E-05         -5.485969365157850E-07         -1.105482956928727E-05          9.715759267792579E-07   10.42945
    -8.67333   -2.23661    4.34474         -1.063312117254964E-05         -4.821373619756480E-07         -1.111525853452529E-05          9.749831676437569E-07    9.95519
    -7.87458   -1.89801    4.27421         -1.082448387449726E-05         -3.942924527795938E-07         -1.121877632727685E-05          9.638892107847193E-07    9.15862
    -7.84302   -0.95699    4.30077         -1.096793994958907E-05         -3.751657155317048E-07         -1.134310566512077E-05          9.666619600634884E-07    8.99585
    -7.42140   -0.45935    4.12453         -1.116041752730039E-05         -3.322542834228814E-07         -1.149267181072327E-05          9.547844988959538E-07    8.50293
    -6.56744    0.49683    3.66108         -1.150974390782908E-05         -2.606805755901400E-07         -1.177042448341922E-05          9.193446086170240E-07    7.53535
    -6.97806    0.97115    3.78018         -1.136719017987766E-05         -2.982906124644050E-07         -1.166548079234207E-05          9.329100016551251E-07    7.99539
    -7.01082    1.85155    3.63529         -1.129923659692491E-05         -3.159782367331767E-07         -1.161521483365809E-05          9.253249143788713E-07    8.11142
    -7.60993    2.27515    3.78248         -1.106930063464071E-05         -3.791237950626978E-07         -1.144842442970341E-05          9.397110821579552E-07    8.79741
    -7.88687    3.02709    3.66053         -1.088932313307416E-05         -4.288739577293854E-07         -1.131819709080354E-05          9.355411132033729E-07    9.20681
    -8.69108    3.32621    3.83342         -1.062184274710234E-05         -5.204146576559359E-07         -1.114225740475828E-05          9.472922547915594E-07   10.06448
    -9.13654    3.92495    3.73158         -1.039767444785655E-05         -5.942290601279305E-07         -1.099190350798449E-05          9.403636902797003E-07   10.62103
   -10.12380    3.99606    3.91347         -1.014410699051893E-05         -7.118846692365004E-07         -1.085599165975543E-05          9.465925297636452E-07   11.56612
   -10.66421    4.41353    3.81522         -9.925127428618393E-06         -8.004935999022933E-07         -1.072562102852069E-05          9.354068588454148E-07   12.15568
   -11.73878    4.43088    3.82977         -9.682955350711922E-06         -9.460864081701652E-07         -1.062904175888209E-05          9.294897497876091E-07   13.11865
   -12.29078    4.03795    3.95514         -9.637125802971609E-06         -1.005800477257748E-06         -1.064292628022936E-05          9.328673175979395E-07   13.52817
   -13.29664    3.99487    3.79993         -9.413967875332042E-06         -1.158390232941405E-06         -1.057235810827345E-05          9.174373808345138E-07   14.39441
   -13.77899    3.42052    3.94540         -9.365887387531094E-06         -1.211279205840240E-06         -1.057716659337133E-05          9.177848325386449E-07   14.73522
   -14.60024    3.12139    3.77421         -9.207942830844591E-06         -1.339578859126601E-06         -1.054752168997119E-05          9.014291288101464E-07   15.39983
   -14.91707    2.37002    3.93199         -9.182169883361931E-06         -1.370983969410274E-06         -1.055315385277220E-05          9.022269590894643E-07   15.60758
   -15.50255    1.92154    3.75202         -9.086778807594894E-06         -1.466447808407291E-06         -1.055322661600219E-05          8.886932783330529E-07   16.06546
   -15.56645    1.02618    3.92420         -9.094304218966106E-06         -1.462517553897806E-06         -1.055682177286391E-05          8.927840027353944E-07   16.08623
   -15.96038    0.53464    3.77572         -9.001546296663865E-06         -1.532540595816643E-06         -1.053408689248051E-05          8.800143603720262E-07   16.40962
   -16.00957   -0.41675    3.81479         -8.955793359929315E-06         -1.541317632484639E-06         -1.049711099241395E-05          8.770890512023936E-07   16.46307
   -15.63168   -0.91411    3.98128         -9.029884498301720E-06         -1.473439768171898E-06         -1.050332426647362E-05          8.881816813941265E-07   16.15659
   -15.57132   -1.80993    3.81559         -9.022669494264722E-06         -1.476786592178964E-06         -1.049945608644369E-05          8.839868839900702E-07   16.13383
   -14.90234   -2.21136    3.91036         -9.213972952002651E-06         -1.363975516345122E-06         -1.057794846834777E-05          9.024455270668015E-07   15.56472
   -14.52611   -2.89820    3.68387         -9.325100504054795E-06         -1.318529915549014E-06         -1.064363041960381E-05          9.057132432153510E-07   15.26363
   -13.65779   -3.09158    3.73087         -9.601668974623721E-06         -1.178422409912218E-06         -1.078009138453594E-05          9.244830306723724E-07   14.49181
   -13.16949   -3.56857    3.53029         -9.723692227284306E-06         -1.118791173772170E-06         -1.084248340105648E-05          9.265059154277415E-07   14.09373
   -12.21552   -3.55455    3.61389         -9.997423351506818E-06         -9.726612055423374E-07         -1.097008455704916E-05          9.425257304227688E-07   13.22551
   -11.71746   -3.91271    3.50173         -1.004699008779082E-05         -9.170992521726295E-07         -1.096408933996345E-05          9.407675384349874E-07   12.84018
   -10.70534   -4.00618    3.57396         -1.019506700587658E-05         -7.851645767933582E-07         -1.098023158266994E-05          9.486903163809658E-07   11.97610
   -10.17280   -3.71934    3.76175         -1.031003875176071E-05         -7.050314111787640E-07         -1.101507016293947E-05          9.583689067362737E-07   11.46604
    -9.11299   -3.87139    3.80106         -1.036185402155001E-05         -5.891376619093195E-07         -1.095099168345933E-05          9.536423756265376E-07   10.60577
    -8.58761   -3.36596    4.01166         -1.049573958632732E-05         -5.112683858534937E-07         -1.100700797218082E-05          9.586929549741276E-07   10.05833
    -7.64204   -3.18066    3.97503         -1.065246462365697E-05         -4.117548807714389E-07         -1.106421950442841E-05          9.447341214765292E-07    9.18249
    -7.36263   -2.36602    4.07436         -1.087142587935690E-05         -3.594066601126758E-07         -1.123083253946958E-05          9.473875413011694E-07    8.74110
    -6.74630   -1.91363    3.89518         -1.113372568873226E-05         -2.955145535261498E-07         -1.142924024225841E-05          9.298437878739340E-07    8.02166
    -6.83663   -0.94798    3.91879         -1.128785663233645E-05         -2.862819670629696E-07         -1.157413859939942E-05          9.350848327727694E-07    7.93695
    -6.49249   -0.45176    3.72342         -1.147763407548084E-05         -2.545418913543620E-07         -1.173217596683520E-05          9.203678446444141E-07    7.49803
    -5.69937    0.48069    3.23379         -1.182302510003468E-05         -1.965942235079470E-07         -1.201961932354263E-05          8.711142781640238E-07    6.57049
    -6.07629    0.94551    3.36833         -1.167383666329065E-05         -2.272508842500118E-07         -1.190108754754066E-05          8.904818108171443E-07    7.01149
    -6.08534    1.81162    3.19892         -1.161657277570596E-05         -2.422634429266570E-07         -1.185883621863261E-05          8.804260234246606E-07    7.10961
    -6.60925    2.24334    3.34677         -1.139085073172954E-05         -2.927511753231381E-07         -1.168360190705268E-05          9.019011025075291E-07    7.74051
    -6.83802    2.99741    3.18189         -1.122698217092253E-05         -3.349875129126710E-07         -1.156196968383520E-05          8.988061383526438E-07    8.11587
    -7.51652    3.35756    3.34846         -1.096574648239665E-05         -4.072719902721538E-07         -1.137301847266881E-05          9.172439769597153E-07    8.88727
    -7.89236    3.98888    3.19850         -1.075398297730572E-05         -4.699456386813640E-07         -1.122392861598709E-05          9.141488699356378E-07    9.40377
    -8.70816    4.25714    3.40873         -1.046392505733724E-05         -5.646243559056719E-07         -1.102854941324291E-05          9.261752423545191E-07   10.27496
    -9.17171    4.79116    3.29175         -1.021401222817209E-05         -6.434697038509264E-07         -1.085748193202301E-05          9.178285681560241E-07   10.85868
   -10.14049    4.87644    3.51635         -9.940932987221253E-06         -7.608589920195070E-07         -1.070179197924076E-05          9.235659558662741E-07   11.78872
   -10.67440    5.27100    3.39797         -9.702371019194681E-06         -8.517048017288136E-07         -1.055407582092349E-05          9.100647824247598E-07   12.38033
   -11.72522    5.29050    3.41085         -9.468716726119223E-06         -9.943940137664443E-07         -1.046311073988567E-05          9.043700856852940E-07   13.30805
   -12.26589    4.91329    3.54379         -9.461500125318912E-06         -1.049213635968177E-06         -1.051071376128709E-05          9.106272283282346E-07   13.68031
   -13.23808    4.83684    3.32669         -9.299110260413169E-06         -1.193738916958702E-06         -1.049284917737187E-05          8.974737122355802E-07   14.48132
   -13.71684    4.31135    3.45747         -9.303875887699788E-06         -1.242401704028266E-06         -1.054627759172805E-05          9.021344544093064E-07   14.78829
   -14.51808    4.02313    3.23129         -9.200636558612235E-06         -1.363917292224487E-06         -1.056455385083672E-05          8.883111409796448E-07   15.40783
   -14.91912    3.40752    3.40256         -9.161498959617192E-06         -1.407374168437077E-06         -1.056887312805427E-05          8.883537791859614E-07   15.67702
   -15.54819    3.01156    3.19738         -9.073579318144291E-06         -1.507278749179964E-06         -1.058085806732425E-05          8.742020158065581E-07   16.15670
   -15.81479    2.27695    3.38908         -9.032900956430931E-06         -1.534179362093410E-06         -1.056708031852434E-05          8.746062872724793E-07   16.33334
   -16.27274    1.82169    3.19817         -8.962857546018847E-06         -1.611272176341668E-06         -1.057412972236051E-05          8.621400530101421E-07   16.68379
   -16.35443    0.97473    3.41263         -8.931158449361336E-06         -1.613055509089433E-06         -1.054421395845077E-05          8.642390122197923E-07   16.73510
   -16.68327    0.50591    3.24804         -8.849469195218469E-06         -1.674171803553162E-06         -1.052364099877163E-05          8.518007476835271E-07   17.00403
   -16.76129   -0.39280    3.29398         -8.785009466306516E-06         -1.689242924091063E-06         -1.047425239039758E-05          8.475127002994321E-07   17.08641
   -16.48165   -0.87537    3.49764         -8.820671348152008E-06         -1.637054538036548E-06         -1.045772588618855E-05          8.565330796021551E-07   16.87141
   -16.45693   -1.75123    3.32313         -8.804453116217501E-06         -1.645987121291845E-06         -1.045044023750935E-05          8.515599231075824E-07   16.88018
   -15.92450   -2.18844    3.47459         -8.939647719086485E-06         -1.552728538243809E-06         -1.049237625733029E-05          8.683831491944609E-07   16.44541
   -15.61511   -2.91202    3.25417         -9.020992471866177E-06         -1.516267315726613E-06         -1.053725978759279E-05          8.707353562025283E-07   16.21423
   -14.88571   -3.22035    3.36869         -9.225097320518440E-06         -1.393934655558825E-06         -1.061903197607727E-05          8.902232903896911E-07   15.59818
   -14.45870   -3.79156    3.17066         -9.301453213662914E-06         -1.342703007654549E-06         -1.064415622131746E-05          8.918846272993985E-07   15.28015
   -13.61080   -3.94640    3.28527         -9.529456038999268E-06         -1.206877000939024E-06         -1.073633303993829E-05          9.091269812222222E-07   14.54720
   -13.14990   -4.41574    3.14532         -9.549752635983201E-06         -1.156341032791002E-06         -1.070609366877420E-05          9.062099792082199E-07   14.22363
   -12.21053   -4.39608    3.27819         -9.796086632421859E-06         -1.012135699909030E-06         -1.080822233233089E-05          9.225017473795147E-07   13.38540
   -11.72231   -4.77621    3.18090         -9.779819615519903E-06         -9.628712797082773E-07         -1.074269089522818E-05          9.183217769121947E-07   13.05155
   -10.71878   -4.85349    3.22359         -9.943994059724309E-06         -8.320081382686700E-07         -1.077600219799298E-05          9.258490090492887E-07   12.20001
   -10.19489   -4.56683    3.39311         -1.010674319592486E-05         -7.499354965912792E-07         -1.085667869251614E-05          9.380949835656857E-07   11.67496
    -9.16369   -4.73751    3.35387         -1.017447777730556E-05         -6.395141485142561E-07         -1.081399192581981E-05          9.320945915829537E-07   10.84738
    -8.61433   -4.32892    3.57404         -1.032407542850995E-05         -5.585607490800537E-07         -1.088263617759000E-05          9.389157360602780E-07   10.28202
    -7.63670   -4.23538    3.50125         -1.047396800734779E-05         -4.582705512490146E-07         -1.093223855859680E-05          9.234000200144095E-07    9.40831
    -7.18979   -3.59255    3.69164         -1.068413183625576E-05         -3.882112972878765E-07         -1.107234313354364E-05          9.255110368960469E-07    8.84464
    -6.43437   -3.22557    3.52448         -1.095894855185409E-05         -3.113252654585566E-07         -1.127027381731264E-05          9.030984258886828E-07    8.01420
    -6.27029   -2.36129    3.62868         -1.120386046133706E-05         -2.697795495413040E-07         -1.147364001087836E-05          9.051883448624475E-07    7.61968
    -5.79322   -1.86948    3.40732         -1.149451675805597E-05         -2.226905846529377E-07         -1.171720734270891E-05          8.835890624565588E-07    6.97612
    -5.92510   -0.92561    3.47844         -1.161838089310114E-05         -2.161229737089765E-07         -1.183450386681012E-05          8.918658139948470E-07    6.93276
    -5.62312   -0.44184    3.28156         -1.180208208670035E-05         -1.911908023317597E-07         -1.199327288903211E-05          8.723321405497176E-07    6.52559
    -4.96930    0.45448    2.72176         -1.219860228790441E-05         -1.496398513807127E-07         -1.234824213928513E-05          7.979480812907852E-07    5.68406
    -5.28373    0.90802    2.88824         -1.202479452529870E-05         -1.727272695774948E-07         -1.219752179487619E-05          8.259715544009555E-07    6.08969
    -5.31542    1.74282    2.68502         -1.198974191018327E-05         -1.880441105328256E-07         -1.217778602071610E-05          8.117300179319863E-07    6.20487
    -5.74011    2.18160    2.86115         -1.173632486931155E-05         -2.266081480164288E-07         -1.196293301732798E-05          8.458789082981442E-07    6.77455
    -5.94658    2.92448    2.66677         -1.157604948736928E-05         -2.639040538104834E-07         -1.183995354117976E-05          8.443554121596499E-07    7.14326
    -6.52059    3.30857    2.83966         -1.130150289949059E-05         -3.212962890254530E-07         -1.162279918851604E-05          8.744624003930807E-07    7.84400
    -6.85882    3.94126    2.65360         -1.109068311776471E-05         -3.760564545416705E-07         -1.146673957230638E-05          8.753274458791400E-07    8.34377
    -7.55208    4.26142    2.84587         -1.081370277089360E-05         -4.518765024220085E-07         -1.126557927331560E-05          8.958315671373979E-07    9.12648
    -7.95624    4.81427    2.68804         -1.057003981653497E-05         -5.196956037294363E-07         -1.108973542026441E-05          8.928625148278503E-07    9.68011
    -8.76006    5.07575    2.92369         -1.026870276182481E-05         -6.159851444960104E-07         -1.088468790632082E-05          9.037158593170175E-07   10.53802
    -9.22262    5.56018    2.78820         -1.000082468262338E-05         -6.969357769598238E-07         -1.069776045958320E-05          8.949751904975150E-07   11.12413
   -10.16817    5.67015    3.03789         -9.717946111968286E-06         -8.145420243283898E-07         -1.053248813629667E-05          8.985223507616269E-07   12.03208
   -10.69055    6.02161    2.88653         -9.482452566575874E-06         -9.047166558141439E-07         -1.038716922239002E-05          8.846851091660377E-07   12.60475
   -11.70855    6.04926    2.90039         -9.253586704346238E-06         -1.043752916541490E-06         -1.029733962088773E-05          8.782405547159660E-07   13.49429
   -12.23699    5.71730    3.06463         -9.252442964918501E-06         -1.096322850205928E-06         -1.034876581512443E-05          8.846407256147529E-07   13.85004
   -13.18450    5.61313    2.82046         -9.122045961059926E-06         -1.233980313268873E-06         -1.035602627432880E-05          8.730405600599519E-07   14.60456
   -13.64492    5.10988    2.94959         -9.181894335881414E-06         -1.275786018139688E-06         -1.045768035402110E-05          8.811687644382109E-07   14.86589
   -14.42683    4.81448    2.69620         -9.117531257879098E-06         -1.390073518743976E-06         -1.050760477662307E-05          8.696967459397544E-07   15.44610
   -14.82122    4.25321    2.84712         -9.138307592580937E-06         -1.428810333359111E-06         -1.056711792594005E-05          8.735002742159251E-07   15.68007
   -15.47537    3.90560    2.63677         -9.043264880751845E-06         -1.530866657498909E-06         -1.057413153825075E-05          8.585220039553532E-07   16.17694
   -15.80130    3.27956    2.81576         -9.024136428006249E-06         -1.565094312935863E-06         -1.058923074094211E-05          8.599266038033533E-07   16.38185
   -16.32403    2.88116    2.62623         -8.928532568899608E-06         -1.651261946669293E-06         -1.057979451556890E-05          8.453078217680243E-07   16.78309
   -16.52888    2.15789    2.81695         -8.913437436660293E-06         -1.669802442719044E-06         -1.058323987937934E-05          8.478156625162991E-07   16.90549
   -16.90641    1.72247    2.63006         -8.843880351089955E-06         -1.735506430806663E-06         -1.057938678189662E-05          8.355637181630157E-07   17.19624
   -16.97911    0.91745    2.84668         -8.817009776184489E-06         -1.737540027765631E-06         -1.055454980395012E-05          8.381437803061216E-07   17.24052
   -17.25080    0.47698    2.67073         -8.747378815973399E-06         -1.789735389752946E-06         -1.053711420572635E-05          8.265348722588009E-07   17.46283
   -17.34878   -0.36704    2.71363         -8.671995473294832E-06         -1.809550879478999E-06         -1.048154635277383E-05          8.210874558223805E-07   17.56356
   -17.15512   -0.82527    2.93552         -8.676380663557653E-06         -1.772679196441754E-06         -1.044905985999941E-05          8.278820423845727E-07   17.42402
   -17.18894   -1.67610    2.77143         -8.618692965069656E-06         -1.792447593728469E-06         -1.041114055879812E-05          8.195447114549139E-07   17.49142
   -16.77039   -2.11949    2.95538         -8.716359017443174E-06         -1.717144894221050E-06         -1.043350391166422E-05          8.340356919745919E-07   17.16020
   -16.54962   -2.86690    2.75766         -8.739681158503402E-06         -1.695335000086884E-06         -1.043501615859029E-05          8.327870127922167E-07   17.02098
   -15.92677   -3.22222    2.90500         -8.917246092976315E-06         -1.586778419778962E-06         -1.050402451275528E-05          8.528830826173252E-07   16.50709
   -15.57273   -3.84710    2.71241         -8.949241394696360E-06         -1.546306745952897E-06         -1.049554814064926E-05          8.530502991624555E-07   16.26860
   -14.83406   -4.10811    2.86355         -9.136216936616547E-06         -1.423807214780904E-06         -1.056002415139745E-05          8.725949234195607E-07   15.65650
   -14.43225   -4.65120    2.70754         -9.121881268493660E-06         -1.381725544989325E-06         -1.050360681348299E-05          8.694913467265855E-07   15.40306
   -13.59598   -4.80399    2.87469         -9.311858526493135E-06         -1.249550915033172E-06         -1.056140944152631E-05          8.865039855450305E-07   14.70350
   -13.14614   -5.26334    2.74029         -9.277523199580641E-06         -1.205048056951434E-06         -1.048257125653207E-05          8.816394211559633E-07   14.42335
   -12.21184   -5.25522    2.91363         -9.501886831409478E-06         -1.062158107747267E-06         -1.056404493915674E-05          8.982841614794268E-07   13.61013
   -11.72261   -5.60008    2.77789         -9.484274531122642E-06         -1.014286937331690E-06         -1.049856146845433E-05          8.938215780806667E-07   13.28522
   -10.74086   -5.63317    2.78849         -9.676841394931725E-06         -8.839896984115224E-07         -1.056083109334325E-05          9.022245324235426E-07   12.44485
   -10.22656   -5.36560    2.96692         -9.855373400962187E-06         -8.015004677519069E-07         -1.065687386871409E-05          9.152733658999984E-07   11.92371
    -9.24924   -5.46271    2.82848         -9.988812719690639E-06         -6.934340419398118E-07         -1.068224676163045E-05          9.107049568648214E-07   11.10810
    -8.71026   -5.12129    3.04591         -1.015212818231777E-05         -6.135478161674127E-07         -1.076567599848518E-05          9.182152420645117E-07   10.55338
    -7.78293   -5.02791    2.89995         -1.033693543506433E-05         -5.159393137507529E-07         -1.085287474881509E-05          9.047968743551876E-07    9.70894
    -7.25873   -4.55059    3.13512         -1.052001260833308E-05         -4.410794128195566E-07         -1.096109202115264E-05          9.051552788523661E-07    9.12283
    -6.46181   -4.25779    2.95611         -1.078857606414678E-05         -3.598717148294529E-07         -1.114844777897624E-05          8.810342995322079E-07    8.28386
    -6.08437   -3.57559    3.15508         -1.103158915034934E-05         -2.992998182672153E-07         -1.133088896861656E-05          8.778962048544099E-07    7.73039
    -5.49783   -3.13256    2.93608         -1.136242844508728E-05         -2.406152620787492E-07         -1.160304370716603E-05          8.486629449242493E-07    6.97565
    -5.37077   -2.29074    3.08412         -1.159226976895265E-05         -2.048803286809641E-07         -1.179715009763361E-05          8.497683360834623E-07    6.60337
    -4.98370   -1.80217    2.85654         -1.188968600332516E-05         -1.687772204106562E-07         -1.205846322373582E-05          8.208203334127575E-07    6.02037
    -5.10417   -0.89715    2.98286         -1.197805231870390E-05         -1.613997833074904E-07         -1.213945210201139E-05          8.315264176725279E-07    5.97954
    -4.86599   -0.42816    2.76861         -1.217663521258947E-05         -1.433936690442162E-07         -1.232002888163369E-05          8.016064929991042E-07    5.61483
    -4.47256    0.41769    2.11845         -1.263343297802548E-05         -1.212610402413904E-07         -1.275469401826687E-05          6.864976682340279E-07    4.96649
    -4.70742    0.84975    2.31112         -1.244671107301925E-05         -1.375086417154753E-07         -1.258421971473472E-05          7.267638548285913E-07    5.31255
    -4.79993    1.63000    2.07964         -1.243015732879713E-05         -1.544218904593343E-07         -1.258457921925647E-05          7.067128638443130E-07    5.47916
    -5.09351    2.06953    2.28705         -1.215435052853695E-05         -1.816478741031511E-07         -1.233599840264010E-05          7.598346695970268E-07    5.95461
    -5.28417    2.78297    2.07797         -1.199215623179644E-05         -2.143432466233593E-07         -1.220649947841980E-05          7.626519228411418E-07    6.32339
    -5.71255    3.19914    2.28155         -1.167398113344962E-05         -2.576140116527775E-07         -1.193159514510240E-05          8.111623839713259E-07    6.93349
    -6.01061    3.82918    2.08085         -1.144002209566362E-05         -3.052228679297834E-07         -1.174524496359340E-05          8.190516720811535E-07    7.42428
    -6.58287    4.18721    2.28001         -1.113949623028525E-05         -3.657800880421056E-07         -1.150527631832736E-05          8.522758961726526E-07    8.12806
    -6.94664    4.74329    2.09427         -1.088286801642819E-05         -4.251999707038570E-07         -1.130806798713205E-05          8.549632352999595E-07    8.66836
    -7.62674    5.05020    2.31002         -1.059777314898403E-05         -5.028252646455260E-07         -1.110059841362955E-05          8.751439327570087E-07    9.43440
    -8.03588    5.54657    2.14096         -1.033034561547390E-05         -5.729449023835533E-07         -1.090329051785746E-05          8.726481655672209E-07    9.99618
    -8.82793    5.79508    2.38349         -1.004146749712240E-05         -6.701520837760520E-07         -1.071161958089846E-05          8.821454636659944E-07   10.82573
    -9.29358    6.19938    2.21227         -9.792567782223988E-06         -7.500033207379210E-07         -1.054257110296191E-05          8.755600175118615E-07   11.38846
   -10.21064    6.31594    2.46563         -9.524612500750106E-06         -8.662592971596190E-07         -1.039087179790973E-05          8.765350204194422E-07   12.25673
   -10.71636    6.57527    2.27088         -9.334256391472576E-06         -9.499493969083184E-07         -1.028420578838090E-05          8.660999285037135E-07   12.77621
   -11.68138    6.59977    2.28046         -9.122699909333420E-06         -1.081780218606823E-06         -1.020448012794024E-05          8.592833888782942E-07   13.60926
   -12.19365    6.36810    2.48907         -9.081857307588235E-06         -1.137225688100808E-06         -1.021908299568904E-05          8.618189334949360E-07   13.97975
   -13.11362    6.25903    2.24175         -8.957251704583231E-06         -1.268862098752812E-06         -1.022611380333604E-05          8.511452928473936E-07   14.70265
   -13.57602    5.83602    2.40890         -9.004359608320419E-06         -1.312280558148396E-06         -1.031664016646881E-05          8.571140572225734E-07   14.97232
   -14.35746    5.55805    2.15653         -8.937913253457862E-06         -1.424424292196284E-06         -1.036233754565415E-05          8.461422646958342E-07   15.54604
   -14.74784    5.03975    2.31469         -8.997208979293572E-06         -1.459695963356704E-06         -1.045690494265028E-05          8.511242565305499E-07   15.75613
   -15.42999    4.73646    2.10270         -8.883063276597559E-06         -1.565587314401256E-06         -1.044865059099881E-05          8.343060371913106E-07   16.27698
   -15.76312    4.16358    2.27385         -8.913326025356122E-06         -1.597394960155089E-06         -1.051072098551121E-05          8.378438802821794E-07   16.46153
   -16.35617    3.83070    2.09003         -8.769905928780482E-06         -1.695874417974119E-06         -1.046578034675460E-05          8.195813360836076E-07   16.92829
   -16.59116    3.17432    2.26342         -8.808928439093270E-06         -1.714769359911536E-06         -1.052369779900481E-05          8.248595616007928E-07   17.04306
   -17.04129    2.78195    2.07608         -8.707490570281242E-06         -1.791702178717130E-06         -1.049919274899837E-05          8.105241781086062E-07   17.39123
   -17.15169    2.05337    2.25200         -8.761846076955670E-06         -1.793217411067001E-06         -1.055506348802267E-05          8.182431580373237E-07   17.42035
   -17.46218    1.63545    2.06030         -8.701360269635126E-06         -1.848538102912463E-06         -1.054989837254759E-05          8.069278259310557E-07   17.65920
   -17.48858    0.86408    2.26240         -8.718359666606155E-06         -1.842496335256073E-06         -1.056085600186223E-05          8.128366218826221E-07   17.65547
   -17.72122    0.45150    2.08015         -8.651765871761330E-06         -1.888459723359342E-06         -1.054022559512067E-05          8.013413915831436E-07   17.84860
   -17.83166   -0.34384    2.11513         -8.570021994686929E-06         -1.911541698916957E-06         -1.048156369360389E-05          7.949922080130671E-07   17.95996
   -17.69701   -0.77526    2.34028         -8.560100573585827E-06         -1.885692279878824E-06         -1.044579285346465E-05          8.006025569040885E-07   17.86790
   -17.81577   -1.60022    2.18874         -8.432438936792498E-06         -1.922815605315619E-06         -1.035525454210812E-05          7.860604641399409E-07   18.02091
   -17.50136   -2.04282    2.39800         -8.490754433155635E-06         -1.865774964758791E-06         -1.035652939791443E-05          7.972831441151725E-07   17.78261
   -17.39691   -2.81212    2.22315         -8.426600808470088E-06         -1.866314484947298E-06         -1.029291529341739E-05          7.892481060394310E-07   17.76240
   -16.86371   -3.19281    2.39887         -8.584584992391433E-06         -1.770272936259512E-06         -1.035485792865095E-05          8.092476061163259E-07   17.33013
   -16.57804   -3.85028    2.20556         -8.575729773230469E-06         -1.740688871809460E-06         -1.031641864503993E-05          8.076560906065761E-07   17.16160
   -15.90990   -4.14925    2.37176         -8.769537752784243E-06         -1.624616885493598E-06         -1.039415463827784E-05          8.308949154444458E-07   16.61224
   -15.53985   -4.70552    2.18535         -8.761622619141140E-06         -1.584278655958727E-06         -1.034590127509987E-05          8.302824136766774E-07   16.38306
   -14.80087   -4.94647    2.36999         -8.932449970806137E-06         -1.463513461212917E-06         -1.039596343201905E-05          8.499151449091856E-07   15.78449
   -14.38106   -5.41776    2.19436         -8.915407235696308E-06         -1.419246957797454E-06         -1.033465419349376E-05          8.481515188534020E-07   15.52360
   -13.56260   -5.58184    2.39751         -9.074906501847902E-06         -1.292650316653952E-06         -1.036755681850185E-05          8.639739103786669E-07   14.86099
   -13.09717   -5.95020    2.21927         -9.073906122077317E-06         -1.243611371750570E-06         -1.031751749382789E-05          8.620792788457606E-07   14.55562
   -12.19148   -5.97655    2.42632         -9.261910015842966E-06         -1.107860928843107E-06         -1.036977094468607E-05          8.766695148792672E-07   13.79270
   -11.70574   -6.21838    2.23522         -9.296138095929940E-06         -1.055825745616049E-06         -1.035196384154599E-05          8.754660205702444E-07   13.44206
   -10.77464   -6.21238    2.22946         -9.502610761174183E-06         -9.295893484907245E-07         -1.043220010966491E-05          8.843212109335812E-07   12.63555
   -10.27863   -6.00364    2.43116         -9.658095507746498E-06         -8.515102885913466E-07         -1.050960579633784E-05          8.945730570550673E-07   12.14926
    -9.37020   -5.99173    2.22149         -9.863435794736322E-06         -7.433842679018853E-07         -1.060682006263821E-05          8.941012804616167E-07   11.34180
    -8.85510   -5.71837    2.44038         -1.002032607539205E-05         -6.677315123553532E-07         -1.068805758774740E-05          9.001459762456482E-07   10.81980
    -8.00644   -5.58109    2.23801         -1.024499417852405E-05         -5.724156702780181E-07         -1.081740984880207E-05          8.915317973909569E-07   10.01301
    -7.47325   -5.23205    2.48015         -1.040464758340354E-05         -5.001337978764690E-07         -1.090478138128000E-05          8.901111436032810E-07    9.45383
    -6.70292   -4.98101    2.28038         -1.066071576522980E-05         -4.191008669487222E-07         -1.107981663217852E-05          8.687444200395517E-07    8.65678
    -6.21569   -4.48407    2.52116         -1.087159599515184E-05         -3.530084399941272E-07         -1.122460443514597E-05          8.601932709097558E-07    8.06833
    -5.58411   -4.10728    2.30445         -1.119131584855819E-05         -2.887689331441955E-07         -1.148008478170239E-05          8.259508824709878E-07    7.30497
    -5.24370   -3.43797    2.52040         -1.145263348403258E-05         -2.362694583074801E-07         -1.168890294234006E-05          8.163118769272796E-07    6.75784
    -4.78208   -2.98170    2.28885         -1.180442921538032E-05         -1.908548360380343E-07         -1.199528405141835E-05          7.766973931727302E-07    6.08257
    -4.64914   -2.18773    2.47694         -1.202343494754885E-05         -1.586548173298769E-07         -1.218208976487873E-05          7.754328486735422E-07    5.70402
    -4.35633   -1.71147    2.24011         -1.233393502468303E-05         -1.316487757191872E-07         -1.246558380040222E-05          7.326851495327112E-07    5.18892
    -4.45270   -0.85694    2.40546         -1.240080029348907E-05         -1.235608005872946E-07         -1.252436109407636E-05          7.433602541663599E-07    5.13295
    -4.32116   -0.40636    2.16595         -1.261470069522532E-05         -1.132041246783902E-07         -1.272790481990371E-05          6.952352712431341E-07    4.85065
    -4.20325    0.16323    1.75760         -1.289359313762815E-05         -1.063320041604144E-07         -1.299992514178856E-05          5.983380436185612E-07    4.55885
    -4.51558    1.37974    1.64990         -1.276729865810533E-05         -1.339769257909320E-07         -1.290127558389626E-05          6.017480021020836E-07    5.00164
    -4.80702    2.47860    1.46971         -1.247346400827165E-05         -1.757835886955155E-07         -1.264924759696717E-05          6.405209671977697E-07    5.60455
    -5.14412    3.01974    1.66270         -1.210319651579292E-05         -2.138227808160139E-07         -1.231701929660894E-05          7.206014345338613E-07    6.19236
    -5.38849    3.63513    1.45990         -1.184146863936906E-05         -2.539010905623866E-07         -1.209536972993144E-05          7.441546210146500E-07    6.66192
    -5.82659    4.02840    1.67446         -1.150268163587347E-05         -3.015399052489144E-07         -1.180422154112238E-05          7.922403051422989E-07    7.27881
    -6.15420    4.57239    1.47268         -1.122111774367531E-05         -3.532441786607787E-07         -1.157436192233609E-05          8.061582826874748E-07    7.80703
    -6.70199    4.92924    1.69333         -1.090887363396904E-05         -4.159422290203771E-07         -1.132481586298942E-05          8.353792034022052E-07    8.49008
    -7.07521    5.41906    1.49862         -1.063044173718557E-05         -4.773036332883850E-07         -1.110774537047396E-05          8.395844850753081E-07    9.03718
    -7.72900    5.72948    1.73050         -1.034293835788638E-05         -5.562658947804086E-07         -1.089920425266679E-05          8.574558988680794E-07    9.77543
    -8.15454    6.13892    1.53429         -1.009272150503713E-05         -6.260868763884623E-07         -1.071880838142559E-05          8.573091696467013E-07   10.32167
    -8.92706    6.36031    1.77353         -9.836699807761023E-06         -7.220173440400918E-07         -1.055871715180111E-05          8.660500838246237E-07   11.10366
    -9.39983    6.63797    1.56306         -9.649431803811576E-06         -7.957752478003363E-07         -1.044520705161191E-05          8.635151273298643E-07   11.61304
   -10.27207    6.73637    1.80706         -9.420961379883841E-06         -9.067984471375455E-07         -1.032775982702139E-05          8.634165582806652E-07   12.41610
   -10.75250    6.87643    1.58088         -9.297851448709343E-06         -9.789579931184932E-07         -1.027680944182784E-05          8.581070788061352E-07   12.86083
   -11.64471    6.88930    1.58555         -9.111907561023359E-06         -1.100110388870263E-06         -1.021201794989362E-05          8.515175016585448E-07   13.62262
   -12.12930    6.77374    1.82131         -9.021537465323978E-06         -1.159854505766263E-06         -1.018139197109024E-05          8.489235007858491E-07   14.01144
   -13.00467    6.68374    1.58315         -8.884167993351772E-06         -1.284795061393663E-06         -1.016896305474543E-05          8.380574534469872E-07   14.70715
   -13.47672    6.40070    1.79499         -8.865914262987321E-06         -1.337661900063112E-06         -1.020357616305043E-05          8.383755930963889E-07   15.02708
   -14.25724    6.17842    1.55726         -8.762939884901868E-06         -1.450944629714721E-06         -1.021388451461659E-05          8.251046825295598E-07   15.61623
   -14.67558    5.75877    1.75165         -8.793558256454666E-06         -1.493577937493162E-06         -1.028713619394783E-05          8.267565493524754E-07   15.86204
   -15.37706    5.49989    1.53583         -8.657608522584073E-06         -1.602751564122983E-06         -1.026036008670706E-05          8.079444327146700E-07   16.40310
   -15.74109    4.99588    1.72872         -8.692335475962554E-06         -1.639036826629687E-06         -1.033137230259224E-05          8.103925739255574E-07   16.60510
   -16.37477    4.70992    1.53283         -8.524429607925850E-06         -1.744657711531486E-06         -1.026908731945734E-05          7.891160969095545E-07   17.10748
   -16.65672    4.11763    1.72299         -8.576063405107078E-06         -1.769204094128258E-06         -1.034526749923534E-05          7.939963202626618E-07   17.24441
   -17.17361    3.76720    1.52705         -8.439721036250892E-06         -1.857686268774078E-06         -1.029740730502497E-05          7.762701121387778E-07   17.64813
   -17.32320    3.08791    1.70675         -8.536726097441329E-06         -1.860713014064283E-06         -1.039743911150561E-05          7.860174709758288E-07   17.67884
   -17.69401    2.68895    1.50445         -8.456504486704649E-06         -1.924895713069781E-06         -1.038140019977443E-05          7.731105942925760E-07   17.96029
   -17.72259    1.96508    1.68209         -8.570937923496328E-06         -1.910732320056983E-06         -1.048167024355331E-05          7.852719077604144E-07   17.91037
   -17.99464    1.56429    1.48478         -8.505810521180765E-06         -1.960625398879617E-06         -1.046643592006038E-05          7.732492024060928E-07   18.12343
   -17.96687    0.82208    1.68074         -8.573597629150053E-06         -1.943980112179350E-06         -1.051757774132940E-05          7.830329175601378E-07   18.06403
   -18.20202    0.43370    1.49637         -8.478800664869712E-06         -1.992159872539917E-06         -1.047096053740963E-05          7.692278000828226E-07   18.26857
   -18.30836   -0.32569    1.51933         -8.403085061952201E-06         -2.014999202423707E-06         -1.041808426437591E-05          7.631877713805332E-07   18.37418
   -18.18366   -0.73264    1.73869         -8.414739048118681E-06         -1.990239988867215E-06         -1.040497903698590E-05          7.704036675526185E-07   18.28128
   -18.36368   -1.52411    1.57877         -8.235079999830340E-06         -2.040512370202850E-06         -1.027559237003319E-05          7.516001454065836E-07   18.49433
   -18.13045   -1.96026    1.80367         -8.266022081319180E-06         -1.998496271356360E-06         -1.026451835267554E-05          7.602747055606748E-07   18.32510
   -18.10409   -2.72137    1.62419         -8.148376288662211E-06         -2.014169431090412E-06         -1.016254571975262E-05          7.480778354557176E-07   18.37939
   -17.68496   -3.13063    1.83441         -8.256615798390690E-06         -1.938417780129603E-06         -1.019503357852029E-05          7.647302625868204E-07   18.05336
   -17.42931   -3.78316    1.62520         -8.242555854567222E-06         -1.911581877298810E-06         -1.015413773186603E-05          7.638557998676214E-07   17.90906
   -16.85558   -4.12211    1.82063         -8.410388475528446E-06         -1.809476748932411E-06         -1.021986522446086E-05          7.869136649781139E-07   17.44756
   -16.46433   -4.64267    1.59827         -8.457049628095692E-06         -1.758551840652979E-06         -1.021560146874867E-05          7.925887168695791E-07   17.18089
   -15.81673   -4.92710    1.79679         -8.619915885356107E-06         -1.649280125211226E-06         -1.026919601056733E-05          8.139161095272055E-07   16.66355
   -15.37850   -5.34551    1.57855         -8.673791041656762E-06         -1.592955156942869E-06         -1.026674619859963E-05          8.195565224782406E-07   16.35740
   -14.68181   -5.59522    1.79148         -8.802818083597370E-06         -1.483518996600833E-06         -1.028633708019820E-05          8.353275216347890E-07   15.81365
   -14.22382   -5.93065    1.57863         -8.851588675290833E-06         -1.427195064239358E-06         -1.027878373953019E-05          8.391899877692397E-07   15.49134
   -13.45765   -6.12154    1.80328         -8.966972200603876E-06         -1.313566303417968E-06         -1.028053850402184E-05          8.510337232112487E-07   14.89407
   -12.98715   -6.36847    1.58957         -9.021261386066939E-06         -1.257329562457088E-06         -1.027859094852403E-05          8.537543364021876E-07   14.55164
   -12.14094   -6.43895    1.81447         -9.164945099189695E-06         -1.134969716709196E-06         -1.029991481589889E-05          8.641972964061172E-07   13.86199
   -11.67551   -6.57646    1.59305         -9.244745570111083E-06         -1.079110265543903E-06         -1.032385583565499E-05          8.668138311165375E-07   13.49463
   -10.81507   -6.54875    1.58407         -9.448051339478580E-06         -9.606302587661924E-07         -1.040868159824477E-05          8.749371346113099E-07   12.74210
   -10.34939   -6.40525    1.79973         -9.573733469389069E-06         -8.902308147657392E-07         -1.046396428415481E-05          8.817293735701769E-07   12.30350
    -9.51737   -6.30737    1.56255         -9.819937585167086E-06         -7.834187816110176E-07         -1.060335636677810E-05          8.849295731701993E-07   11.52410
    -9.03419   -6.10259    1.78261         -9.957875952768787E-06         -7.142785733086791E-07         -1.067215452607747E-05          8.887244947156178E-07   11.04698
    -8.26551   -5.92688    1.55647         -1.020007387484692E-05         -6.216629983377864E-07         -1.082173687318470E-05          8.848119609021521E-07   10.28928
    -7.75286   -5.67875    1.79299         -1.033396147814900E-05         -5.550080851138811E-07         -1.088896956326288E-05          8.818910810222608E-07    9.77598
    -7.03458   -5.45230    1.58007         -1.056863517653097E-05         -4.760304185318268E-07         -1.104466559506280E-05          8.652337828465024E-07    9.03933
    -6.51783   -5.10361    1.82532         -1.074146179116098E-05         -4.118254377670057E-07         -1.115328722892798E-05          8.536194012227977E-07    8.47708
    -5.89527   -4.78151    1.60644         -1.102525329966941E-05         -3.462502399730327E-07         -1.137150353964245E-05          8.206346742709947E-07    7.75872
    -5.44878   -4.28212    1.84479         -1.127313657418012E-05         -2.886113115557563E-07         -1.156174788573588E-05          8.014539991385608E-07    7.17140
    -4.97029   -3.86811    1.61155         -1.162033840351466E-05         -2.383736218575274E-07         -1.185871202537219E-05          7.545735991424195E-07    6.50102
    -4.64401   -3.23699    1.83966         -1.190357330408816E-05         -1.925743882072487E-07         -1.209614769229540E-05          7.357728906604547E-07    5.95225
    -4.30315   -2.78354    1.60061         -1.226584184030060E-05         -1.578411134337392E-07         -1.242368295373433E-05          6.825032724175732E-07    5.36910
    -4.14842   -2.05199    1.81297         -1.248978914325805E-05         -1.287238060531085E-07         -1.261851294931115E-05          6.723564565334390E-07    4.97060
    -3.98753   -1.64667    1.62192         -1.274640255951340E-05         -1.118486087122843E-07         -1.285825116822569E-05          6.172676290305657E-07    4.60897
    -4.13104   -0.15140    1.76599         -1.289553785886572E-05         -1.026928740460095E-07         -1.299823073291173E-05          6.014958624476772E-07    4.49523
    -5.00850    3.68996    0.73823         -1.207366136298733E-05         -2.325732953757980E-07         -1.230623465836313E-05          6.743599390883175E-07    6.26466
    -5.26592    3.81324    1.03819         -1.188737919452776E-05         -2.540260509527503E-07         -1.214140524548051E-05          7.190873739944735E-07    6.58396
    -5.56692    4.32822    0.82660         -1.157668502484286E-05         -2.988172048573491E-07         -1.187550222970021E-05          7.553754030985126E-07    7.09982
    -6.01710    4.69409    1.04653         -1.125879477210285E-05         -3.499933668767359E-07         -1.160878813897959E-05          7.897382310142957E-07    7.70293
    -6.37511    5.14396    0.83414         -1.097604383373674E-05         -4.032517611256368E-07         -1.137929559486237E-05          8.065692366700007E-07    8.23396
    -6.88543    5.51208    1.06559         -1.066521701544148E-05         -4.674921542562761E-07         -1.113270916969775E-05          8.270370165915291E-07    8.88412
    -7.27877    5.90823    0.85294         -1.040736583005113E-05         -5.281615821055557E-07         -1.093552741215669E-05          8.337959196868638E-07    9.41357
    -7.89409    6.22465    1.08976         -1.012677603692189E-05         -6.073381636712915E-07         -1.073411420059318E-05          8.476815680948792E-07   10.11190
    -8.33856    6.51208    0.86879         -9.929913471651567E-06         -6.726958909391860E-07         -1.060260936259075E-05          8.509631479388263E-07   10.61572
    -9.07177    6.70401    1.10285         -9.712900723309706E-06         -7.646539595201395E-07         -1.047755468282985E-05          8.587087874117888E-07   11.33389
    -9.53989    6.84867    0.87207         -9.595059677842761E-06         -8.287940226035192E-07         -1.042385370044628E-05          8.600500905400953E-07   11.77601
   -10.34839    6.92270    1.10610         -9.412878828551392E-06         -9.315501679152733E-07         -1.034442899646667E-05          8.600267330881536E-07   12.49945
   -10.79411    6.96861    0.87244         -9.337955172002169E-06         -9.920141181355691E-07         -1.032996929013774E-05          8.583395541824792E-07   12.87771
   -11.60635    6.97970    0.87570         -9.168618153786975E-06         -1.102284450451536E-06         -1.027090260423851E-05          8.513514568154983E-07   13.57168
   -12.05284    6.94666    1.11403         -9.056247870367573E-06         -1.163000862894757E-06         -1.021924873326233E-05          8.459326452187330E-07   13.95593
   -12.86958    6.89586    0.88668         -8.889959815565408E-06         -1.281099267197097E-06         -1.017105908276250E-05          8.328765243916355E-07   14.62755
   -13.33683    6.74850    1.12005         -8.812623275465962E-06         -1.342602693779480E-06         -1.015522596924544E-05          8.280935965078680E-07   14.98892
   -14.10015    6.60382    0.89406         -8.657493497539710E-06         -1.456851196192654E-06         -1.011434469373237E-05          8.107690598929424E-07   15.59564
   -14.54850    6.31677    1.11943         -8.631376851763709E-06         -1.511754333081150E-06         -1.014313118484486E-05          8.076371225497311E-07   15.90012
   -15.24675    6.10231    0.89772         -8.476475720925617E-06         -1.620772802154638E-06         -1.009724852308026E-05          7.876130750080361E-07   16.44711
   -15.65697    5.70506    1.11973         -8.476493288918268E-06         -1.668770529171931E-06         -1.014526381809020E-05          7.863857571393257E-07   16.70157
   -16.28449    5.43670    0.90316         -8.319009898098897E-06         -1.771254643712377E-06         -1.009026454181127E-05          7.658682360300607E-07   17.19180
   -16.63826    4.94556    1.12338         -8.336375320705436E-06         -1.810604091758591E-06         -1.014697941246403E-05          7.666378472909966E-07   17.39402
   -17.16809    4.61378    0.90685         -8.203834864071514E-06         -1.899185422434191E-06         -1.010302028650570E-05          7.487680648490445E-07   17.80036
   -17.42150    4.02771    1.12036         -8.260527725284069E-06         -1.921425851448512E-06         -1.018195357673258E-05          7.536141522141012E-07   17.91609
   -17.83236    3.64483    0.90181         -8.168343848754366E-06         -1.990815775418414E-06         -1.015915962417278E-05          7.395300661401225E-07   18.22337
   -17.95529    2.98536    1.10622         -8.272303941987650E-06         -1.990976735890069E-06         -1.026328067787772E-05          7.489110878138938E-07   18.23536
   -18.27578    2.59188    0.89159         -8.192764239083857E-06         -2.047569421160372E-06         -1.024033366024423E-05          7.352126855850972E-07   18.48017
   -18.28656    1.89468    1.09252         -8.315898225467391E-06         -2.031139851838600E-06         -1.034703807730599E-05          7.470512163925690E-07   18.41688
   -18.56785    1.51475    0.88776         -8.210700531466036E-06         -2.085654891019361E-06         -1.029635542248540E-05          7.305639532202953E-07   18.65067
   -18.51108    0.79598    1.09564         -8.309412200295499E-06         -2.063024353592172E-06         -1.037243655388767E-05          7.426655604039214E-07   18.56055
   -18.77332    0.42423    0.89925         -8.169056651831974E-06         -2.119056252348758E-06         -1.028811290418073E-05          7.246482756003014E-07   18.79963
   -18.84496   -0.31171    0.90917         -8.122710112338290E-06         -2.134754450374017E-06         -1.025746456271231E-05          7.212516645216874E-07   18.86945
   -18.68906   -0.69935    1.12853         -8.185682497471555E-06         -2.101944807490389E-06         -1.028762730496194E-05          7.337723803246895E-07   18.73616
   -18.84913   -1.44811    0.93711         -8.017430800720754E-06         -2.147716737920284E-06         -1.016514753864104E-05          7.170346630562700E-07   18.92789
   -18.64845   -1.86592    1.16799         -8.058127997185286E-06         -2.110816087944040E-06         -1.016894408512933E-05          7.270255002234597E-07   18.77793
   -18.59813   -2.57615    0.96056         -7.970087601136750E-06         -2.118513022613197E-06         -1.008860062374995E-05          7.195364829437160E-07   18.80026
   -18.28700   -2.99545    1.19186         -8.034530587972988E-06         -2.063586157401718E-06         -1.009811674537471E-05          7.316158209078572E-07   18.56900
   -17.99842   -3.59530    0.96225         -8.070313436819807E-06         -2.024417851071764E-06         -1.009473128789157E-05          7.369802163946398E-07   18.37921
   -17.55986   -3.97375    1.18536         -8.176364981177018E-06         -1.947917261733869E-06         -1.012428224291089E-05          7.535927496698668E-07   18.04285
   -17.11893   -4.43233    0.94366         -8.298663226844987E-06         -1.879190839114200E-06         -1.017785406595919E-05          7.679912842068437E-07   17.70858
   -16.59712   -4.76229    1.16113         -8.416302266419294E-06         -1.791695907190822E-06         -1.020799817361012E-05          7.849156723693720E-07   17.30584
   -16.11729   -5.11291    0.92269         -8.551046895154416E-06         -1.718170555611942E-06         -1.026921745076636E-05          7.996851042778585E-07   16.93400
   -15.54627   -5.41170    1.14158         -8.648699094029471E-06         -1.628412429102009E-06         -1.027711152313148E-05          8.133226049739116E-07   16.50079
   -15.07895   -5.69743    0.91256         -8.754016468563453E-06         -1.561481717604012E-06         -1.031549818616746E-05          8.238614381249495E-07   16.14522
   -14.45318   -5.96668    1.13668         -8.830572161112433E-06         -1.469298183251009E-06         -1.029987034436344E-05          8.340609217680527E-07   15.67762
   -13.99982   -6.20231    0.91421         -8.905591836154332E-06         -1.409010089098682E-06         -1.031460192525302E-05          8.405433851823402E-07   15.33947
   -13.29996   -6.41321    1.14246         -8.983803899639997E-06         -1.310181860167819E-06         -1.029398575980782E-05          8.486259230007812E-07   14.80958
   -12.85340   -6.58577    0.92071         -9.048869630674826E-06         -1.253476431237006E-06         -1.030234606191183E-05          8.525685968244103E-07   14.47170
   -12.07516   -6.67853    1.14641         -9.168314496181509E-06         -1.144283861636851E-06         -1.031259835781836E-05          8.603656575237164E-07   13.84654
   -11.64292   -6.75585    0.91998         -9.255642674968041E-06         -1.088917030084937E-06         -1.034455970505298E-05          8.639646657441524E-07   13.49242
   -10.85470   -6.71408    0.91296         -9.451897433937110E-06         -9.789690047301639E-07         -1.043086643866727E-05          8.714302665021476E-07   12.79597
   -10.42650   -6.60906    1.13042         -9.568215157151876E-06         -9.157980843210138E-07         -1.048401324147289E-05          8.768315914563706E-07   12.39635
    -9.66859   -6.46684    0.89417         -9.819126182945972E-06         -8.130957337555094E-07         -1.063222191670148E-05          8.816665975711729E-07   11.66624
    -9.22514   -6.30865    1.11064         -9.948768365956439E-06         -7.506002457487886E-07         -1.069936861170523E-05          8.843283787237809E-07   11.23102
    -8.52991   -6.11425    0.88237         -1.018629808868421E-05         -6.619073788852922E-07         -1.084820546756950E-05          8.834363921138663E-07   10.53195
    -8.05348   -5.93726    1.10815         -1.030203753713921E-05         -6.016084481676407E-07         -1.090364598530685E-05          8.800519763155418E-07   10.06665
    -7.39541   -5.72841    0.89024         -1.051021927122111E-05         -5.258725304420603E-07         -1.103609180166317E-05          8.680326003880621E-07    9.39677
    -6.88916   -5.49159    1.12565         -1.064572351088870E-05         -4.664468475904584E-07         -1.111217035847916E-05          8.558742239527640E-07    8.88174
    -6.30138   -5.21078    0.90518         -1.088597775123819E-05         -4.017932658195567E-07         -1.128777101705774E-05          8.284592722702827E-07    8.22672
    -5.82424   -4.84939    1.14072         -1.109673137718390E-05         -3.451757166816615E-07         -1.144190709386556E-05          8.055966625516355E-07    7.66417
    -5.37050   -4.46701    0.90817         -1.140845667768076E-05         -2.932424992998211E-07         -1.170169917698058E-05          7.620384893526457E-07    7.04423
    -4.96305   -3.98513    1.14065         -1.168963859767771E-05         -2.434633016587061E-07         -1.193310189933642E-05          7.295718594328155E-07    6.46639
    -4.63412   -3.55479    0.90229         -1.203537517429476E-05         -2.049940685674795E-07         -1.224036924286224E-05          6.746312788433204E-07    5.90980
    -4.30051   -2.98433    1.13414         -1.234017813875150E-05         -1.646642092108153E-07         -1.250484234796232E-05          6.371789072030178E-07    5.35602
    -4.15778   -2.77681    0.69890         -1.258662657022056E-05         -1.502244076170165E-07         -1.273685097783758E-05          5.727177633300702E-07    5.04839
    -5.02888    4.15173    0.04812         -1.183168283758540E-05         -2.555627174621554E-07         -1.208724555504756E-05          7.177814802921268E-07    6.52141
    -5.48667    4.43482    0.39071         -1.157204503221854E-05         -2.991002489594678E-07         -1.187114528117800E-05          7.505403126143612E-07    7.06568
    -5.86018    4.82588    0.16896         -1.128480400638561E-05         -3.463326426875825E-07         -1.163113664907319E-05          7.837925018221162E-07    7.59338
    -6.29844    5.16914    0.39246         -1.101265031006933E-05         -3.989734945831534E-07         -1.141162380465248E-05          8.021528335973496E-07    8.15748
    -6.68241    5.51497    0.17149         -1.076343703669287E-05         -4.511300206747616E-07         -1.121456705736763E-05          8.186038224638690E-07    8.66596
    -7.15241    5.88595    0.40051         -1.047181073370831E-05         -5.156233493232343E-07         -1.098743408303154E-05          8.300902636358878E-07    9.27155
    -7.55938    6.17459    0.17657         -1.025677221952805E-05         -5.725247002406652E-07         -1.082929691976872E-05          8.388393628425675E-07    9.76223
    -8.13021    6.48431    0.40803         -9.998659896216516E-06         -6.499071355391899E-07         -1.064856703175571E-05          8.480291631629856E-07   10.40736
    -8.57492    6.65420    0.17921         -9.856384679596371E-06         -7.079650813802651E-07         -1.056434976097664E-05          8.537746817560596E-07   10.85540
    -9.25139    6.82663    0.40919         -9.673152962989123E-06         -7.944026418935358E-07         -1.046755560488266E-05          8.593302206972961E-07   11.50472
    -9.69583    6.87310    0.17913         -9.600572363789225E-06         -8.488341650253437E-07         -1.044940652881457E-05          8.629516026870979E-07   11.88616
   -10.43006    6.94105    0.40835         -9.450667137784970E-06         -9.432774772822491E-07         -1.039394461506722E-05          8.622542444833973E-07   12.53519
   -10.83619    6.93121    0.18089         -9.395743396751803E-06         -9.943602678574190E-07         -1.039010366460922E-05          8.620446021222152E-07   12.86458
   -11.56949    6.94784    0.18305         -9.235841299721701E-06         -1.094484110096177E-06         -1.033032540981788E-05          8.543781699726779E-07   13.49663
   -11.97560    6.96877    0.41376         -9.120752265856865E-06         -1.153697501630048E-06         -1.027444976748691E-05          8.475296735680236E-07   13.86182
   -12.72391    6.94373    0.18886         -8.935076974749042E-06         -1.262675795160193E-06         -1.019775276990923E-05          8.328128326552355E-07   14.49651
   -13.17139    6.90386    0.42346         -8.820347217737948E-06         -1.328994695910162E-06         -1.014934191364811E-05          8.242288157632884E-07   14.87710
   -13.89143    6.81199    0.19652         -8.634323406629800E-06         -1.438525669145708E-06         -1.007284907577551E-05          8.050049469485669E-07   15.47300
   -14.35294    6.65931    0.43376         -8.553364308014478E-06         -1.504498263897197E-06         -1.005786257191168E-05          7.971602306752083E-07   15.82850
   -15.01734    6.47165    0.20364         -8.396127774449625E-06         -1.606956815094199E-06         -1.000308458954382E-05          7.780891379926455E-07   16.35372
   -15.46280    6.20169    0.44223         -8.349567794828172E-06         -1.667991668972215E-06         -1.001755946380039E-05          7.722835899670376E-07   16.66597
   -16.04700    5.92764    0.21022         -8.224973389083069E-06         -1.758640540181252E-06         -9.983613929264321E-06          7.558878822414804E-07   17.10811
   -16.45847    5.55989    0.44914         -8.198367009857252E-06         -1.813631011656392E-06         -1.001199802151364E-05          7.516894728212759E-07   17.37802
   -16.94896    5.22045    0.21632         -8.103823014576129E-06         -1.890112237977061E-06         -9.993935252553190E-06          7.383271964450468E-07   17.73605
   -17.30482    4.76547    0.45381         -8.096565894904960E-06         -1.936059906944729E-06         -1.003262580184969E-05          7.358673907879930E-07   17.95473
   -17.70175    4.38628    0.22092         -8.024377935595434E-06         -1.998709366766306E-06         -1.002308730236174E-05          7.246685417299945E-07   18.23843
   -17.97588    3.85171    0.45542         -8.044607904009325E-06         -2.031020541885456E-06         -1.007562844589478E-05          7.246529824859244E-07   18.38955
   -18.30483    3.46463    0.22404         -7.970853871783655E-06         -2.085722213286749E-06         -1.005657608507040E-05          7.123538317261772E-07   18.63118
   -18.48180    2.86427    0.45581         -8.019815629314499E-06         -2.102010579388665E-06         -1.012182620870316E-05          7.149194033689811E-07   18.70799
   -18.77925    2.48892    0.22741         -7.918158149577513E-06         -2.156540667810878E-06         -1.007469881738839E-05          6.980699055953901E-07   18.94483
   -18.85452    1.83660    0.45842         -7.990117725356832E-06         -2.156606322034855E-06         -1.014672404739169E-05          7.041325488241685E-07   18.94930
   -19.13215    1.47096    0.23266         -7.857376905735634E-06         -2.212715498207727E-06         -1.007009240394336E-05          6.840364547848796E-07   19.19002
   -19.10772    0.77735    0.46560         -7.941577903014175E-06         -2.197729977463573E-06         -1.013930788047775E-05          6.945550358479399E-07   19.12919
   -19.34191    0.41387    0.24038         -7.800135193091754E-06         -2.249242112794433E-06         -1.004937730588619E-05          6.758600523525635E-07   19.34783
   -19.35760   -0.29598    0.24382         -7.797457755676014E-06         -2.252386746125883E-06         -1.004984450180190E-05          6.771872984890246E-07   19.36139
   -19.19504   -0.66844    0.47896         -7.890442781214437E-06         -2.216884306362767E-06         -1.010732708757720E-05          6.936795664975473E-07   19.21265
   -19.23720   -1.36749    0.25273         -7.805795262714953E-06         -2.235174538092439E-06         -1.004096980080739E-05          6.861182698431392E-07   19.28740
   -19.04719   -1.75953    0.49152         -7.873016986622940E-06         -2.198825644452513E-06         -1.007184263107545E-05          6.995644057073337E-07   19.13460
   -18.89001   -2.39798    0.26023         -7.874882795416391E-06         -2.178941520767214E-06         -1.005382431618361E-05          7.029704374302785E-07   19.04338
   -18.64163   -2.79679    0.49840         -7.935758102157015E-06         -2.135371166046403E-06         -1.007112926820342E-05          7.141024637532088E-07   18.85685
   -18.29679   -3.33000    0.26240         -8.034124795675812E-06         -2.078454626441897E-06         -1.011257942211771E-05          7.274936592940812E-07   18.59920
   -17.96471   -3.70921    0.49495         -8.109821867051692E-06         -2.022132622886072E-06         -1.013195448993776E-05          7.394865034009539E-07   18.35032
   -17.50983   -4.12419    0.25853         -8.265698480846200E-06         -1.944694391251363E-06         -1.021039287209756E-05          7.583624977834704E-07   17.99083
   -17.10261   -4.46885    0.48413         -8.353026818321385E-06         -1.877788580059248E-06         -1.023081539838063E-05          7.710783757669591E-07   17.68344
   -16.63007   -4.79623    0.25249         -8.503600456753192E-06         -1.800225637769281E-06         -1.030382609452247E-05          7.880158118243713E-07   17.30973
   -16.16656   -5.11032    0.47358         -8.586468454413612E-06         -1.727571067587497E-06         -1.031403952200111E-05          8.000302572444579E-07   16.96165
   -15.72037   -5.38857    0.24836         -8.694272905850457E-06         -1.659624867457357E-06         -1.035389777330781E-05          8.113779181470819E-07   16.62012
   -15.20378   -5.67689    0.46845         -8.765863846671555E-06         -1.582794845873929E-06         -1.034865869254548E-05          8.220501406515007E-07   16.23581
   -14.78054   -5.91965    0.24731         -8.832666611795080E-06         -1.523449841151809E-06         -1.035611645294689E-05          8.289411777009103E-07   15.92382
   -14.20235   -6.17583    0.46895         -8.897884621147061E-06         -1.441365003435046E-06         -1.033924962458211E-05          8.377665798237794E-07   15.49411
   -13.78760   -6.37450    0.24835         -8.943428822596907E-06         -1.386585751643575E-06         -1.033001457424048E-05          8.419629738411076E-07   15.19190
   -13.13851   -6.57354    0.47186         -9.018895564908452E-06         -1.297042618931310E-06         -1.031593818383976E-05          8.491510036967339E-07   14.69879
   -12.72673   -6.70593    0.24906         -9.068541956825915E-06         -1.243602125149420E-06         -1.031214408197534E-05          8.520769181582813E-07   14.38754
   -12.00939   -6.79548    0.47147         -9.188264774753372E-06         -1.144232639537138E-06         -1.033249741429051E-05          8.593014437552115E-07   13.80674
   -11.61224   -6.83528    0.24591         -9.267815440536100E-06         -1.091117015560663E-06         -1.035893245609676E-05          8.628169719315418E-07   13.47686
   -10.89007   -6.78816    0.24348         -9.452902693697589E-06         -9.896009291925692E-07         -1.044250362289016E-05          8.699834597314634E-07   12.83479
   -10.49899   -6.70659    0.46203         -9.570348100286855E-06         -9.327176077432988E-07         -1.050306570803015E-05          8.750261623474862E-07   12.46678
    -9.80437   -6.55377    0.23501         -9.800654565250180E-06         -8.357873846613507E-07         -1.063644194991153E-05          8.804818433675261E-07   11.79546
    -9.40217   -6.41905    0.44969         -9.936645162784036E-06         -7.788615503740108E-07         -1.071550671315805E-05          8.831788224107219E-07   11.39330
    -8.76610   -6.22773    0.22670         -1.015089916483865E-05         -6.948736541067467E-07         -1.084577281894539E-05          8.836469869302878E-07   10.75549
    -8.33729   -6.08113    0.44292         -1.027278184828424E-05         -6.399552201108568E-07         -1.091273706839510E-05          8.814165967238550E-07   10.32893
    -7.73494   -5.88947    0.22362         -1.045078525658452E-05         -5.679885581608757E-07         -1.101877381474539E-05          8.727374428088637E-07    9.72446
    -7.26949   -5.71374    0.44517         -1.057374362629577E-05         -5.137667379297224E-07         -1.108751036422549E-05          8.628607397889026E-07    9.25692
    -6.72275   -5.46751    0.22410         -1.076914154007125E-05         -4.512480116764937E-07         -1.122038955174774E-05          8.418656398677890E-07    8.66829
    -6.26089   -5.20136    0.44870         -1.094712557211881E-05         -3.981471942084110E-07         -1.134527276632722E-05          8.211701967440675E-07    8.15195
    -5.83567   -4.85113    0.22192         -1.121043909483535E-05         -3.460781715912613E-07         -1.155651726642661E-05          7.866410602654740E-07    7.59195
    -5.42242   -4.47817    0.44585         -1.146128730104421E-05         -2.972100057042152E-07         -1.175849730674842E-05          7.533891298974863E-07    7.04666
    -5.12783   -4.06463    0.21569         -1.176354778365818E-05         -2.573022809827168E-07         -1.202085006464090E-05          7.100487474126853E-07    6.54694
    -4.74698   -3.62315    0.43965         -1.205657707652863E-05         -2.143051274139975E-07         -1.227088220394263E-05          6.633441841546253E-07    5.98785
    -4.51343   -3.21546    0.21002         -1.234465675612628E-05         -1.845529492880447E-07         -1.252920970541433E-05          6.142538373724405E-07    5.54565
    -4.18924   -2.79473    0.49878         -1.260604559100700E-05         -1.524027505765389E-07         -1.275844834158354E-05          5.590997889091641E-07    5.06054
    -4.58726    3.91936   -0.58778         -1.197792298704774E-05         -2.187721974008752E-07         -1.219669518444861E-05          7.130764038095479E-07    6.06217
    -4.76717    4.03838   -0.34840         -1.191621158145801E-05         -2.345771795892112E-07         -1.215078876104723E-05          7.132910093568392E-07    6.25746
    -5.37078    4.51160   -0.50621         -1.149840074126898E-05         -2.956659792451811E-07         -1.179406672051416E-05          7.743124006535570E-07    7.03249
    -5.84502    4.83852   -0.27419         -1.126637210873411E-05         -3.460006368368527E-07         -1.161237274557097E-05          7.915243422501350E-07    7.59281
    -6.30802    5.15089   -0.49458         -1.100847176203845E-05         -3.985673783728952E-07         -1.140703914041135E-05          8.169753924328431E-07    8.15889
    -6.70715    5.48407   -0.27240         -1.077855960103216E-05         -4.510785547584631E-07         -1.122963815579062E-05          8.244704880856100E-07    8.66805
    -7.20554    5.80555   -0.49656         -1.051441568277638E-05         -5.145586883075482E-07         -1.102897437108393E-05          8.408289880863438E-07    9.26665
    -7.58777    6.12509   -0.27661         -1.028419028725454E-05         -5.714498048954707E-07         -1.085564009215001E-05          8.438027501980237E-07    9.75538
    -8.18029    6.37698   -0.50146         -1.005662365890359E-05         -6.465203120423699E-07         -1.070314397094596E-05          8.566812956411637E-07   10.38434
    -8.59661    6.59637   -0.27710         -9.886921918212676E-06         -7.055987044179700E-07         -1.059252062263065E-05          8.578689685603762E-07   10.83931
    -9.28749    6.69396   -0.49698         -9.744087109563413E-06         -7.876452131056438E-07         -1.053173232266906E-05          8.674027000224105E-07   11.45921
    -9.71025    6.79825   -0.27073         -9.641796344898544E-06         -8.443660319597733E-07         -1.048616237685832E-05          8.669993848346277E-07   11.85658
   -10.44612    6.77696   -0.48714         -9.541396093573372E-06         -9.317656916843201E-07         -1.047316178525769E-05          8.704987573099395E-07   12.46138
   -10.83784    6.84197   -0.26474         -9.447120214711010E-06         -9.871885804730598E-07         -1.043430879518407E-05          8.660734479136424E-07   12.81957
   -11.57114    6.85860   -0.26258         -9.285753726137263E-06         -1.087309120968936E-06         -1.037306284710620E-05          8.579602334646994E-07   13.45364
   -11.96582    6.80314   -0.48332         -9.212077777690080E-06         -1.138582485870221E-06         -1.035066026356030E-05          8.538536801024855E-07   13.77306
   -12.71248    6.86734   -0.26259         -8.978397387140607E-06         -1.254588655832932E-06         -1.023298604297354E-05          8.353651036252761E-07   14.45117
   -13.14894    6.79046   -0.49034         -8.876580415807745E-06         -1.316110673320864E-06         -1.019269108912861E-05          8.261905327093266E-07   14.80693
   -13.88041    6.77497   -0.26583         -8.650150644924478E-06         -1.433663635352843E-06         -1.008381428027732E-05          8.052520954988584E-07   15.44787
   -14.34329    6.61994   -0.49877         -8.557568436062317E-06         -1.499692845648035E-06         -1.005726128171035E-05          7.949472547271052E-07   15.80514
   -15.01871    6.46930   -0.26653         -8.386355868823497E-06         -1.607022076291424E-06         -9.993377945114921E-06          7.763362997908092E-07   16.35495
   -15.47246    6.20561   -0.50086         -8.324848977425521E-06         -1.670080825223513E-06         -9.994929802649033E-06          7.684754172881852E-07   16.67805
   -16.05529    5.93392   -0.26269         -8.210643053907437E-06         -1.760686998078348E-06         -9.971330051985784E-06          7.541028875299308E-07   17.11878
   -16.47474    5.56984   -0.49640         -8.175156869908567E-06         -1.817516178155000E-06         -9.992673048063566E-06          7.487340322101780E-07   17.39789
   -16.95695    5.22412   -0.25631         -8.095410043299585E-06         -1.891968727234819E-06         -9.987378770534403E-06          7.374353526461660E-07   17.74528
   -17.33838    4.78279   -0.48990         -8.066664936874620E-06         -1.944040254646280E-06         -1.001070519152090E-05          7.324439481171971E-07   17.99262
   -17.72733    4.39993   -0.25016         -8.003615478774759E-06         -2.004875904776479E-06         -1.000849138355124E-05          7.225346906266812E-07   18.26691
   -18.08427    3.90075   -0.48586         -7.957351909242666E-06         -2.056792291144763E-06         -1.001414420038743E-05          7.146619981247516E-07   18.50656
   -18.38764    3.50003   -0.24615         -7.904782924390350E-06         -2.105462294817814E-06         -1.001024521920817E-05          7.053019433845385E-07   18.71940
   -18.73075    2.94616   -0.48612         -7.826133812722422E-06         -2.160541593608749E-06         -9.986675406331172E-06          6.921853758598611E-07   18.96726
   -18.94539    2.53542   -0.24432         -7.790235910394952E-06         -2.195609919205009E-06         -9.985845829599961E-06          6.843361752996985E-07   19.11586
   -19.24854    1.91388   -0.48834         -7.693673769519234E-06         -2.248571850268078E-06         -9.942245619787312E-06          6.688973176283854E-07   19.34962
   -19.36003    1.50173   -0.24238         -7.688101695110193E-06         -2.265978994565468E-06         -9.954080689675661E-06          6.657719418917957E-07   19.41970
   -19.55485    0.80656   -0.48739         -7.614014344851537E-06         -2.301897360002299E-06         -9.915911704853837E-06          6.552645964437778E-07   19.57755
   -19.56117    0.41231   -0.23757         -7.642156063617034E-06         -2.300493498004733E-06         -9.942649561621766E-06          6.589705212975517E-07   19.56695
   -19.57685   -0.29754   -0.23413         -7.636615694013718E-06         -2.303692800602894E-06         -9.940308494616611E-06          6.592447121358640E-07   19.58051
   -19.54894   -0.69083   -0.47809         -7.633533722182318E-06         -2.299466059475529E-06         -9.932999781657847E-06          6.613379241056907E-07   19.56698
   -19.37185   -1.38832   -0.22637         -7.707976488619576E-06         -2.266759600699842E-06         -9.974736089319417E-06          6.743646458727268E-07   19.42285
   -19.20816   -1.78982   -0.46475         -7.763065226229803E-06         -2.236477106852589E-06         -9.999542333082391E-06          6.847004080505484E-07   19.29696
   -18.91633   -2.40744   -0.21694         -7.861965228909488E-06         -2.185195202880302E-06         -1.004716043178979E-05          7.008754741884634E-07   19.07014
   -18.63226   -2.79162   -0.44931         -7.963479020517049E-06         -2.133097975008671E-06         -1.009657699552572E-05          7.162934221360125E-07   18.84558
   -18.26109   -3.31536   -0.20814         -8.075794935077558E-06         -2.070028112624903E-06         -1.014582304770246E-05          7.321972967136687E-07   18.56078
   -17.90122   -3.67782   -0.43608         -8.189226238547289E-06         -2.007053744879764E-06         -1.019627998342705E-05          7.479929332088529E-07   18.28032
   -17.48203   -4.10743   -0.20197         -8.304822841301974E-06         -1.938019765300229E-06         -1.024284260660220E-05          7.622465055186858E-07   17.95921
   -17.08721   -4.46411   -0.42803         -8.392027610881418E-06         -1.874369515465540E-06         -1.026639712634696E-05          7.734548344842709E-07   17.66590
   -16.64247   -4.80824   -0.19916         -8.503310110201928E-06         -1.803397968671226E-06         -1.030670807887315E-05          7.865053714429388E-07   17.32428
   -16.21513   -5.16729   -0.42496         -8.554144105660698E-06         -1.740540644792697E-06         -1.029468475045339E-05          7.930633548167724E-07   17.02386
   -15.75654   -5.43353   -0.19852         -8.660615998634441E-06         -1.669390358423611E-06         -1.033000635705805E-05          8.059717672800696E-07   16.66827
   -15.26954   -5.77348   -0.42413         -8.697804912721261E-06         -1.601484983623457E-06         -1.029928989634472E-05          8.118962934912919E-07   16.33009
   -14.81014   -5.97128   -0.19838         -8.796830317954309E-06         -1.532402559295694E-06         -1.032923287725000E-05          8.239478658479549E-07   15.96984
   -14.24332   -6.25702   -0.42375         -8.847269150266173E-06         -1.454434159357697E-06         -1.030170330962387E-05          8.310462669802371E-07   15.56284
   -13.79897   -6.40406   -0.19866         -8.928931365373810E-06         -1.390740455252033E-06         -1.031967182062584E-05          8.398845924911965E-07   15.21391
   -13.15121   -6.60503   -0.42420         -9.009551932605471E-06         -1.301542735296499E-06         -1.031109466790197E-05          8.473479635492285E-07   14.72279
   -12.72806   -6.70786   -0.19998         -9.075517650619217E-06         -1.243961116681855E-06         -1.031947876730107E-05          8.523050150783008E-07   14.38885
   -12.01205   -6.78945   -0.42496         -9.205573719184466E-06         -1.144125247339969E-06         -1.034969896652444E-05          8.602101882768542E-07   13.80459
   -11.61357   -6.82733   -0.20148         -9.280004141780119E-06         -1.090650035859177E-06         -1.037065417763930E-05          8.636224131392590E-07   13.47324
   -10.89140   -6.78021   -0.20391         -9.464542015697595E-06         -9.891268959009257E-07         -1.045366891159852E-05          8.709341344393874E-07   12.83103
   -10.50127   -6.70299   -0.42582         -9.582708455067156E-06         -9.327161170238634E-07         -1.051542457209102E-05          8.765224178650530E-07   12.46548
    -9.80532   -6.55812   -0.20545         -9.802012555464969E-06         -8.362428202289732E-07         -1.063825537569394E-05          8.808687440950019E-07   11.79812
    -9.39705   -6.44621   -0.42592         -9.923782026726102E-06         -7.803826825813245E-07         -1.070416470930743E-05          8.831270291433926E-07   11.40349
    -8.76002   -6.25055   -0.20844         -1.013659088569252E-05         -6.959439166253809E-07         -1.083253480231790E-05          8.826753291477445E-07   10.76339
    -8.32036   -6.12774   -0.43098         -1.024262604424824E-05         -6.416800427352331E-07         -1.088430608698347E-05          8.787385256915066E-07   10.34231
    -7.72408   -5.91327   -0.21514         -1.043377938256207E-05         -5.686684118948550E-07         -1.100244779445693E-05          8.706960093374164E-07    9.73008
    -7.26601   -5.73218   -0.44031         -1.056205082960635E-05         -5.147310541450446E-07         -1.107678188375140E-05          8.585753148630143E-07    9.26535
    -6.73013   -5.46214   -0.22262         -1.077253646971583E-05         -4.514919332909703E-07         -1.122402840300680E-05          8.399011243781810E-07    8.67059
    -6.32385   -5.14901   -0.44585         -1.098434876113583E-05         -3.996526329762212E-07         -1.138400139411205E-05          8.159065253768330E-07    8.16714
    -5.89126   -4.80414   -0.22592         -1.124183884414647E-05         -3.472692139793238E-07         -1.158910805812579E-05          7.861282228180418E-07    7.60511
    -5.57963   -4.36725   -0.44496         -1.152910816053152E-05         -3.017082876944581E-07         -1.183081644822598E-05          7.509295973535070E-07    7.09952
    -5.22945   -4.00071   -0.22729         -1.179746171891318E-05         -2.605289148351193E-07         -1.205799063374830E-05          7.118675584962175E-07    6.58821
    -4.94773   -3.51612   -0.44800         -1.209536510105993E-05         -2.214086776985648E-07         -1.231677377875850E-05          6.716360094812635E-07    6.08636
    -4.61255   -3.17235   -0.23466         -1.234948758239847E-05         -1.883345811259524E-07         -1.253782216352442E-05          6.201745343948433E-07    5.60308
    -3.66202    2.42671   -1.47964         -1.258085647635043E-05         -1.159792026645939E-07         -1.269683567901503E-05          6.964179477980290E-07    4.63558
    -3.68734    2.51588   -1.43969         -1.256066728799639E-05         -1.197460648084332E-07         -1.268041335280482E-05          6.947683235762638E-07    4.69029
    -3.72677    2.61494   -1.38812         -1.253810811495930E-05         -1.245571373319619E-07         -1.266266525229126E-05          6.917756370775950E-07    4.75958
    -4.22829    3.52401   -1.06152         -1.213448490083546E-05         -1.820705650354018E-07         -1.231655546587087E-05          7.210609374431943E-07    5.60571
    -4.89105    4.02950   -1.20850         -1.169424992358914E-05         -2.413373052502726E-07         -1.193558722883941E-05          7.786395268775904E-07    6.45134
    -5.38306    4.45376   -0.95762         -1.145047962055370E-05         -2.933437993979139E-07         -1.174382341995161E-05          7.931238263498489E-07    7.05198
    -5.95433    4.73247   -1.16145         -1.118842953937895E-05         -3.476518168933220E-07         -1.153608135627228E-05          8.233694960563186E-07    7.69411
    -6.40505    5.10267   -0.93042         -1.097410077405974E-05         -4.030090401968682E-07         -1.137710981425660E-05          8.308255842125926E-07    8.24182
    -6.97175    5.39430   -1.14588         -1.071299115030309E-05         -4.669614679187339E-07         -1.117995261822182E-05          8.505853176544728E-07    8.88914
    -7.37312    5.76399   -0.93419         -1.048003586022594E-05         -5.263513543026822E-07         -1.100638721452863E-05          8.521803097258518E-07    9.40527
    -8.00152    6.02110   -1.15512         -1.022877032768772E-05         -6.026206512222761E-07         -1.083139097891000E-05          8.670329188793424E-07   10.08029
    -8.42646    6.31454   -0.94234         -1.003130756499941E-05         -6.663252517422723E-07         -1.069763281674169E-05          8.664388080922537E-07   10.57197
    -9.16184    6.41212   -1.15012         -9.867229747407648E-06         -7.515161979709477E-07         -1.061874594537860E-05          8.777346312588886E-07   11.24177
    -9.60655    6.57215   -0.92912         -9.745669553003490E-06         -8.141617775986019E-07         -1.055983133060209E-05          8.759447535680771E-07   11.67657
   -10.39670    6.50685   -1.12542         -9.653424341337426E-06         -9.040125825637339E-07         -1.055743692390116E-05          8.816518391544825E-07   12.31654
   -10.81352    6.60737   -0.90969         -9.549705242646777E-06         -9.650628164228677E-07         -1.051476805906964E-05          8.756288967828758E-07   12.70500
   -11.59991    6.61692   -0.90803         -9.379491672995470E-06         -1.071744623775533E-06         -1.045123629677100E-05          8.667972233853874E-07   13.38530
   -12.01295    6.48949   -1.11506         -9.333202818508397E-06         -1.120318260295217E-06         -1.045352107880362E-05          8.652310528328465E-07   13.69919
   -12.81532    6.59883   -0.91810         -9.062182305262314E-06         -1.248636350938720E-06         -1.031081865620103E-05          8.421312652496563E-07   14.44368
   -13.25685    6.42394   -1.13332         -9.003326549402309E-06         -1.304128266356632E-06         -1.030745481575894E-05          8.375251694271802E-07   14.77482
   -14.05334    6.46053   -0.93850         -8.723104104622479E-06         -1.437683416737913E-06         -1.016078752136039E-05          8.105645985145026E-07   15.49567
   -14.49819    6.17902   -1.15574         -8.690973772387081E-06         -1.492627941281878E-06         -1.018360171366896E-05          8.072048844662846E-07   15.80233
   -15.24188    6.07475   -0.95034         -8.460530489742482E-06         -1.617864241006345E-06         -1.007839473074883E-05          7.823525828916626E-07   16.43535
   -15.65195    5.67385   -1.16561         -8.464543883109291E-06         -1.665691251797647E-06         -1.013023513490694E-05          7.823171163520514E-07   16.68936
   -16.30198    5.44064   -0.94984         -8.289302754548114E-06         -1.774937284934373E-06         -1.006424003948249E-05          7.612797327900556E-07   17.21212
   -16.66255    4.94825   -1.16505         -8.308446162130115E-06         -1.815625450750068E-06         -1.012407161288018E-05          7.627013485964114E-07   17.42076
   -17.21674    4.63612   -0.94521         -8.161751628630013E-06         -1.910480290149554E-06         -1.007223191877957E-05          7.434365744896559E-07   17.85506
   -17.53384    4.07815   -1.16506         -8.171277010013643E-06         -1.947481340751240E-06         -1.011875835076488E-05          7.433704824402746E-07   18.03952
   -18.01241    3.72564   -0.94546         -8.026531697547827E-06         -2.033180078172716E-06         -1.005971177572054E-05          7.229272863923612E-07   18.41796
   -18.28878    3.10660   -1.17374         -8.015693522132792E-06         -2.068052316042829E-06         -1.008374583817562E-05          7.200030272221306E-07   18.58784
   -18.70374    2.72785   -0.95411         -7.864403501722198E-06         -2.147021527615714E-06         -1.001142502933791E-05          6.971749395834826E-07   18.92568
   -18.90572    2.03489   -1.18935         -7.851784660719158E-06         -2.172837997066587E-06         -1.002462265778575E-05          6.946707414456212E-07   19.05207
   -19.23588    1.63166   -0.96538         -7.712813550262819E-06         -2.239629342458009E-06         -9.952442892720828E-06          6.725053777725846E-07   19.32908
   -19.28680    0.86292   -1.19973         -7.741928960575304E-06         -2.239893875418748E-06         -9.981822835994051E-06          6.780261008059876E-07   19.34334
   -19.49429    0.44997   -0.96770         -7.644119498536273E-06         -2.284992616564082E-06         -9.929112115100355E-06          6.619525408851883E-07   19.52348
   -19.47269   -0.33757   -0.96184         -7.669296298970835E-06         -2.279402964496090E-06         -9.948699263466924E-06          6.667580776684856E-07   19.49935
   -19.26171   -0.75312   -1.18878         -7.778175602446588E-06         -2.233014320915821E-06         -1.001118992336241E-05          6.858958976307470E-07   19.31304
   -19.17426   -1.50788   -0.94341         -7.794499887675577E-06         -2.223072024733015E-06         -1.001757191240859E-05          6.888440540476186E-07   19.25659
   -18.87377   -1.91968   -1.16608         -7.917993545750686E-06         -2.162847660658201E-06         -1.008084120640889E-05          7.096641416880092E-07   19.00695
   -18.62360   -2.58580   -0.91980         -7.985602877130316E-06         -2.124507786714928E-06         -1.011011066384524E-05          7.197130814443014E-07   18.82474
   -18.28113   -2.99605   -1.14519         -8.081929146306280E-06         -2.062317727919057E-06         -1.014424687422534E-05          7.358689202912314E-07   18.56037
   -17.92992   -3.56432   -0.90264         -8.171118507585447E-06         -2.008294179665058E-06         -1.017941268725050E-05          7.470054410244452E-07   18.30304
   -17.57310   -3.99426   -1.13814         -8.207866376983497E-06         -1.951694993236919E-06         -1.015956137022042E-05          7.535367739433324E-07   18.05723
   -17.14958   -4.46443   -0.89764         -8.310237350153620E-06         -1.887219296327302E-06         -1.019745664648092E-05          7.643983738543428E-07   17.74387
   -16.74823   -4.91130   -1.14250         -8.303141893758670E-06         -1.830640284073337E-06         -1.013378217783201E-05          7.651023498274346E-07   17.49084
   -16.25852   -5.27003   -0.89869         -8.430882154154154E-06         -1.755452766784186E-06         -1.018633492093834E-05          7.789206341591513E-07   17.11492
   -15.74993   -5.67267   -1.14199         -8.442666348653767E-06         -1.684100824367316E-06         -1.012676717302108E-05          7.838288528288217E-07   16.77926
   -15.21955   -5.90988   -0.89386         -8.597545578729078E-06         -1.601901398560934E-06         -1.019944697729001E-05          8.017702534615607E-07   16.35116
   -14.58354   -6.19523   -1.12608         -8.675540946671204E-06         -1.508748407261284E-06         -1.018428935393249E-05          8.135300962436879E-07   15.88485
   -14.06671   -6.34456   -0.88173         -8.822835336355835E-06         -1.431017375061423E-06         -1.025385271141726E-05          8.299730677432337E-07   15.45649
   -13.33735   -6.49491   -1.10446         -8.960233073089061E-06         -1.322504365864333E-06         -1.028273743895340E-05          8.437626379381427E-07   14.87577
   -12.86620   -6.60833   -0.87202         -9.063958131896791E-06         -1.257243951001883E-06         -1.032120208289867E-05          8.524017085543460E-07   14.49033
   -12.07920   -6.63984   -1.09187         -9.235521266735440E-06         -1.141772654223766E-06         -1.037729392095921E-05          8.648368738444808E-07   13.82703
   -11.64819   -6.71813   -0.86902         -9.310551638447536E-06         -1.086599781921793E-06         -1.039715142036933E-05          8.677566056194171E-07   13.47475
   -10.85959   -6.67879   -0.86745         -9.502147436678841E-06         -9.767662815284593E-07         -1.047891371820730E-05          8.758291664562204E-07   12.77847
   -10.43314   -6.58401   -1.08907         -9.614651769541212E-06         -9.146443337626355E-07         -1.052929610330385E-05          8.817647863173202E-07   12.38490
    -9.66654   -6.49630   -0.86791         -9.814265828745858E-06         -8.151532116498639E-07         -1.062941904039572E-05          8.830103978009462E-07   11.67892
    -9.20785   -6.38042   -1.09724         -9.913108150340957E-06         -7.541579667889948E-07         -1.066726611712995E-05          8.833412253257665E-07   11.25603
    -8.49869   -6.20752   -0.87780         -1.012595899092379E-05         -6.656189791046761E-07         -1.079157797002847E-05          8.785944702718192E-07   10.56085
    -8.00734   -6.04927   -1.11459         -1.022647173566516E-05         -6.052246295707170E-07         -1.083169636523587E-05          8.721454004273952E-07   10.09721
    -7.37094   -5.78840   -0.89294         -1.046799971340593E-05         -5.278531647018712E-07         -1.099585287810780E-05          8.589363118596234E-07    9.41455
    -6.90564   -5.50260   -1.12374         -1.063815196579325E-05         -4.685396998430685E-07         -1.110669166563632E-05          8.441884335539797E-07    8.90108
    -6.39444   -5.13324   -0.89433         -1.094011959888051E-05         -4.040729219675320E-07         -1.134419252084804E-05          8.192162816189662E-07    8.24856
    -6.03381   -4.68936   -1.10860         -1.120451305170689E-05         -3.509369285919719E-07         -1.155544998029886E-05          7.937736195470086E-07    7.72179
    -5.65160   -4.26825   -0.87917         -1.153204289427989E-05         -3.014278277105296E-07         -1.183347072199042E-05          7.578354480701213E-07    7.13663
    -5.35552   -3.75157   -1.09112         -1.181388212723900E-05         -2.569420598029940E-07         -1.207082418704199E-05          7.288016652904460E-07    6.62921
    -5.00184   -3.36599   -0.87762         -1.210577797136696E-05         -2.184347697236332E-07         -1.232421274109059E-05          6.836020748651866E-07    6.09249
    -4.65712   -2.83472   -1.11091         -1.235636799011091E-05         -1.786287105406989E-07         -1.253499670065161E-05          6.550536191287144E-07    5.56404
    -4.30748   -2.57445   -0.77346         -1.262595682430330E-05         -1.513322994378316E-07         -1.277728912374113E-05          5.854790009058950E-07    5.07744
    -3.72943    0.09591   -2.03826         -1.275451129631722E-05         -8.363921402589006E-08         -1.283815051034311E-05          7.084690245806533E-07    4.25115
    -3.75149    0.79434   -1.99237         -1.272221482240783E-05         -8.836775023858505E-08         -1.281058257264641E-05          7.089787728736084E-07    4.32137
    -3.73106    1.77027   -1.77021         -1.264316038859448E-05         -1.024901640957701E-07         -1.274565055269025E-05          7.052344783549204E-07    4.49314
    -3.97952    2.11344   -1.91906         -1.241301906945587E-05         -1.220119823745781E-07         -1.253503105183045E-05          7.425952126735507E-07    4.89755
    -4.13668    2.86191   -1.69939         -1.220983727301497E-05         -1.520562715455171E-07         -1.236189354456048E-05          7.519686430025877E-07    5.30948
    -4.64181    3.24701   -1.89468         -1.187939241419012E-05         -1.928419568031318E-07         -1.207223437099325E-05          7.940330582099022E-07    5.97322
    -5.01170    3.84463   -1.65251         -1.163462544067830E-05         -2.397690839070099E-07         -1.187439452458531E-05          8.048286849878103E-07    6.52910
    -5.64858    4.13849   -1.82815         -1.136296668225500E-05         -2.946673851204749E-07         -1.165763406737548E-05          8.362064669995379E-07    7.23711
    -6.09921    4.60207   -1.58797         -1.114700185347717E-05         -3.508309578164573E-07         -1.149783281129363E-05          8.427002528804381E-07    7.80391
    -6.74666    4.86684   -1.77741         -1.089983960862959E-05         -4.158794323914793E-07         -1.131571904102107E-05          8.651398464913797E-07    8.50663
    -7.16849    5.28887   -1.56635         -1.067337844724736E-05         -4.769108045465842E-07         -1.115028925179395E-05          8.658832195764963E-07    9.04505
    -7.84347    5.53519   -1.77448         -1.041907114912455E-05         -5.538256805172084E-07         -1.097289682964176E-05          8.821003809746833E-07    9.76253
    -8.27513    5.89773   -1.57494         -1.020218816485883E-05         -6.205469889026112E-07         -1.082273515376144E-05          8.796988428269597E-07   10.28306
    -9.04989    6.00105   -1.76902         -1.001812008497081E-05         -7.085991081588990E-07         -1.072671919312970E-05          8.920167522928318E-07   11.00193
    -9.51166    6.22201   -1.55697         -9.875604293959644E-06         -7.763380499335532E-07         -1.065194234389320E-05          8.889401644131615E-07   11.47211
   -10.35102    6.12729   -1.72781         -9.784764231661583E-06         -8.694985111225783E-07         -1.065426274278416E-05          8.962044349911002E-07   12.15206
   -10.79134    6.25211   -1.51726         -9.681418085492731E-06         -9.347297313759580E-07         -1.061614781686869E-05          8.897884877950226E-07   12.56360
   -11.62119    6.22519   -1.50856         -9.528223653942738E-06         -1.044482870672344E-06         -1.057270652461508E-05          8.824764194992959E-07   13.26955
   -12.04824    6.03306   -1.69381         -9.504757801073400E-06         -1.091072821850099E-06         -1.059583062292350E-05          8.829203217845150E-07   13.58039
   -12.88152    6.12247   -1.51553         -9.247894773300801E-06         -1.222442501262710E-06         -1.047033727456351E-05          8.605756980472419E-07   14.34277
   -13.31982    5.86452   -1.70717         -9.221201425403394E-06         -1.272874795444650E-06         -1.049407622084804E-05          8.591688423086747E-07   14.65349
   -14.14000    5.88448   -1.54221         -8.941543540002477E-06         -1.409629076345022E-06         -1.035117261634750E-05          8.323952651937553E-07   15.39302
   -14.56146    5.51115   -1.73221         -8.943793123781876E-06         -1.456757206855016E-06         -1.040055033063689E-05          8.327057419971965E-07   15.66555
   -15.32972    5.40479   -1.56102         -8.693164188340918E-06         -1.587784236971608E-06         -1.028094842531253E-05          8.065570018877081E-07   16.32939
   -15.69895    4.91411   -1.74791         -8.726340880575795E-06         -1.626204013848867E-06         -1.035254489442466E-05          8.095448505920806E-07   16.54269
   -16.38174    4.69078   -1.56772         -8.511936056157955E-06         -1.744949086488532E-06         -1.025688514264649E-05          7.851354628225295E-07   17.11206
   -16.68207    4.10786   -1.75622         -8.559286123020270E-06         -1.773801256277008E-06         -1.033308737929728E-05          7.892270434510145E-07   17.26993
   -17.27998    3.80735   -1.57341         -8.360093897109722E-06         -1.881536953722356E-06         -1.024163085083208E-05          7.646451689744438E-07   17.76427
   -17.50486    3.14946   -1.76893         -8.408231999095329E-06         -1.901041924443686E-06         -1.030927392353902E-05          7.687211009511844E-07   17.87368
   -18.03509    2.80122   -1.58887         -8.202848663223406E-06         -2.001832862795127E-06         -1.020468152601853E-05          7.418422579402062E-07   18.32036
   -18.16494    2.07026   -1.79305         -8.252942718498085E-06         -2.008683501848924E-06         -1.026162622034701E-05          7.472219254380633E-07   18.37025
   -18.62061    1.68268   -1.61315         -8.046561973738238E-06         -2.100673851793998E-06         -1.014723582553224E-05          7.194654128013264E-07   18.76595
   -18.60041    0.88076   -1.81923         -8.123338040936170E-06         -2.083800513231755E-06         -1.020713855416793E-05          7.307062073464175E-07   18.70990
   -18.93644    0.46423   -1.62978         -7.950897176819385E-06         -2.156234523153246E-06         -1.010713169997263E-05          7.074868392496068E-07   19.01211
   -18.93294   -0.36427   -1.62469         -7.963435794159160E-06         -2.154941303432022E-06         -1.011837709759118E-05          7.103007015737287E-07   19.00601
   -18.64576   -0.79296   -1.82311         -8.104246141102525E-06         -2.093070064956914E-06         -1.019731620605944E-05          7.330687370001332E-07   18.75145
   -18.67404   -1.59362   -1.60988         -8.037688857771436E-06         -2.110894965015926E-06         -1.014858382278736E-05          7.255433817041813E-07   18.81093
   -18.32225   -2.02207   -1.81548         -8.162380475925774E-06         -2.041989807875177E-06         -1.020437028380095E-05          7.461490545590955E-07   18.52267
   -18.17951   -2.75838   -1.59707         -8.135474723692439E-06         -2.031833377854334E-06         -1.016730810154677E-05          7.443195184183022E-07   18.45681
   -17.80510   -3.20435   -1.82486         -8.199563786543923E-06         -1.966847519192334E-06         -1.016641130573626E-05          7.558710205183217E-07   18.18295
   -17.54990   -3.87196   -1.60848         -8.180625391577412E-06         -1.941016900881806E-06         -1.012164229245922E-05          7.542287664575462E-07   18.04379
   -17.13021   -4.34658   -1.86193         -8.188260468498688E-06         -1.876989360018172E-06         -1.006524982851686E-05          7.568935673037835E-07   17.77086
   -16.75207   -4.91574   -1.63645         -8.205246612312538E-06         -1.831674391238902E-06         -1.003692100355144E-05          7.581089763072588E-07   17.53494
   -16.19488   -5.34683   -1.89152         -8.239832492384439E-06         -1.747939766004784E-06         -9.987772258389223E-06          7.658345703554907E-07   17.15927
   -15.68245   -5.74502   -1.64087         -8.343794855283473E-06         -1.676319023290436E-06         -1.002011387857391E-05          7.769609264506954E-07   16.78205
   -14.94860   -6.01168   -1.86793         -8.484313480177455E-06         -1.560072028559385E-06         -1.004438550873684E-05          7.969647206874384E-07   16.22005
   -14.38007   -6.22466   -1.60127         -8.656885320742342E-06         -1.475530078319720E-06         -1.013241539906206E-05          8.155143435834479E-07   15.75109
   -13.54269   -6.30406   -1.80303         -8.881670875700506E-06         -1.340994418723205E-06         -1.022266529442371E-05          8.392213234072199E-07   15.04648
   -13.01680   -6.42497   -1.55058         -9.036450920307052E-06         -1.266307439374036E-06         -1.030275835968109E-05          8.525950372283091E-07   14.59869
   -12.14857   -6.39298   -1.75353         -9.265640174762493E-06         -1.132539225238201E-06         -1.039817940000070E-05          8.712507174221625E-07   13.83954
   -11.68212   -6.49442   -1.52726         -9.360694583822624E-06         -1.073593896493958E-06         -1.043428848031658E-05          8.754368752666116E-07   13.45295
   -10.82465   -6.47794   -1.52603         -9.547662539751135E-06         -9.563333564974090E-07         -1.050399589624854E-05          8.838219404871854E-07   12.70691
   -10.36111   -6.36945   -1.75195         -9.648289668074913E-06         -8.889405135816146E-07         -1.053723018165653E-05          8.892077666302152E-07   12.28787
    -9.51090   -6.35964   -1.54433         -9.811190359148915E-06         -7.866573550865942E-07         -1.059784771423551E-05          8.866534324214682E-07   11.54501
    -9.00440   -6.21240   -1.78746         -9.903053736946741E-06         -7.191756158934384E-07         -1.062222935284018E-05          8.861513695937890E-07   11.08459
    -8.21000   -6.07493   -1.57716         -1.010190319142170E-05         -6.268444049109702E-07         -1.072874759633267E-05          8.755583684350272E-07   10.33423
    -7.69298   -5.81763   -1.82178         -1.023791714450006E-05         -5.590449030976015E-07         -1.079696204759767E-05          8.696844685673605E-07    9.81558
    -7.02502   -5.50617   -1.59000         -1.052819607056679E-05         -4.787703885273737E-07         -1.100696645909416E-05          8.494087627319611E-07    9.06625
    -6.59219   -5.06919   -1.80993         -1.076349477789822E-05         -4.155794492496994E-07         -1.117907422714792E-05          8.364117101463932E-07    8.51055
    -6.11218   -4.62175   -1.55794         -1.113370095789761E-05         -3.528736427466716E-07         -1.148657460064428E-05          8.047123919186991E-07    7.81962
    -5.78795   -4.06415   -1.76129         -1.141438489601345E-05         -3.005818839685377E-07         -1.171496677998199E-05          7.861031914615997E-07    7.28834
    -5.41351   -3.61510   -1.52390         -1.176310773308842E-05         -2.546528167019510E-07         -1.201776054979037E-05          7.481232476891878E-07    6.68560
    -5.09178   -3.03147   -1.75060         -1.199460503723713E-05         -2.110297760166024E-07         -1.220563481325373E-05          7.333689246411163E-07    6.17905
    -4.68907   -2.63668   -1.55111         -1.228896934352379E-05         -1.739119712712306E-07         -1.246288131479502E-05          6.917053080845438E-07    5.59870
    -4.35899   -1.99571   -1.80934         -1.246322915820384E-05         -1.381204608540822E-07         -1.260134961905792E-05          6.922708528466373E-07    5.12420
    -4.14122   -2.00583   -1.46136         -1.266038975717922E-05         -1.272394972949994E-07         -1.278762925447422E-05          6.329857707891945E-07    4.82790
    -3.89714   -0.84320   -1.99759         -1.270303788746399E-05         -9.554332810056001E-08         -1.279858121556455E-05          6.971827245814612E-07    4.45972
    -3.74972   -0.07447   -2.04840         -1.274673628060736E-05         -8.452948701780051E-08         -1.283126576762516E-05          7.090617684158312E-07    4.27340
    -4.06565    0.43338   -2.31475         -1.251707151183883E-05         -1.004630683730174E-07         -1.261753458021185E-05          7.568516933277848E-07    4.69845
    -4.34835    0.88476   -2.50968         -1.231878053114781E-05         -1.183327419137973E-07         -1.243711327306161E-05          7.878199084036463E-07    5.09798
    -4.29956    1.74011   -2.32306         -1.225999631541508E-05         -1.292894850118614E-07         -1.238928580042694E-05          7.828970716450742E-07    5.18756
    -4.70969    2.18249   -2.51453         -1.198461380400793E-05         -1.619228564685840E-07         -1.214653666047651E-05          8.167035564057326E-07    5.76778
    -4.89478    2.94092   -2.30582         -1.179904210072220E-05         -1.959575094902541E-07         -1.199499961021246E-05          8.220032856832857E-07    6.15831
    -5.47541    3.31552   -2.47361         -1.151691101668564E-05         -2.462257968345211E-07         -1.176313681352016E-05          8.527521218861596E-07    6.86232
    -5.85932    3.91546   -2.23811         -1.131117374957413E-05         -2.984466768506234E-07         -1.160962042642476E-05          8.583746078885403E-07    7.39402
    -6.54250    4.20458   -2.39866         -1.106257139423541E-05         -3.634712892061057E-07         -1.142604268344152E-05          8.825432351314708E-07    8.13857
    -6.97922    4.69238   -2.17814         -1.085597780385059E-05         -4.250395639888812E-07         -1.128101736783947E-05          8.834540594709578E-07    8.68747
    -7.70300    4.92953   -2.35959         -1.061098339739324E-05         -5.026139049704870E-07         -1.111359730236372E-05          9.008327749419058E-07    9.44480
    -8.14543    5.35031   -2.16700         -1.039356771963413E-05         -5.707452062062182E-07         -1.096431292584035E-05          8.971762095361032E-07    9.98347
    -8.95429    5.46564   -2.34459         -1.019163901351421E-05         -6.613613172186331E-07         -1.085300033073284E-05          9.093251481219194E-07   10.74940
    -9.42709    5.75385   -2.14615         -1.002706157493298E-05         -7.330200644634485E-07         -1.076008163939643E-05          9.049560343959393E-07   11.25090
   -10.30880    5.66406   -2.29640         -9.913914070912663E-06         -8.314323558016757E-07         -1.074534642671434E-05          9.121480561290513E-07   11.98442
   -10.77095    5.81655   -2.09010         -9.810210873428117E-06         -9.004979245223618E-07         -1.071070879795048E-05          9.061099295640098E-07   12.41830
   -11.63832    5.74923   -2.06480         -9.680948942800143E-06         -1.012626842816918E-06         -1.069357578561706E-05          9.008100070684612E-07   13.14411
   -12.08362    5.52403   -2.23386         -9.652555354839715E-06         -1.060851202960064E-06         -1.071340655779978E-05          9.020841098117583E-07   13.47290
   -12.93184    5.54992   -2.05451         -9.446843145245546E-06         -1.190086612903075E-06         -1.063692975814862E-05          8.835113379084564E-07   14.22164
   -13.37691    5.24851   -2.23027         -9.415738732071844E-06         -1.240894072281344E-06         -1.065663280435319E-05          8.828845950404573E-07   14.54176
   -14.18636    5.18978   -2.07293         -9.189262495139324E-06         -1.371288029676631E-06         -1.056055052481596E-05          8.601655815873788E-07   15.24741
   -14.60101    4.76970   -2.24607         -9.182742096507889E-06         -1.417879235550899E-06         -1.060062133205879E-05          8.603134935170577E-07   15.52367
   -15.34533    4.60039   -2.09225         -8.966037358714784E-06         -1.542295985595451E-06         -1.050833334431023E-05          8.370459936912307E-07   16.15612
   -15.69251    4.05931   -2.26261         -8.987523238589077E-06         -1.578894464128283E-06         -1.056641770271736E-05          8.390317335681107E-07   16.36619
   -16.34645    3.79011   -2.10678         -8.789444647893226E-06         -1.692104782460381E-06         -1.048154943035361E-05          8.163854667882556E-07   16.91183
   -16.60673    3.14886   -2.28254         -8.823631173959233E-06         -1.716907609846354E-06         -1.054053878380559E-05          8.197419002692743E-07   17.05605
   -17.16723    2.80872   -2.12751         -8.634816087768147E-06         -1.818491717094448E-06         -1.045330780486259E-05          7.971070377462196E-07   17.52509
   -17.33170    2.08322   -2.31814         -8.662702658419311E-06         -1.831261936434716E-06         -1.049396459485403E-05          8.014131229644419E-07   17.60970
   -17.79919    1.69300   -2.16374         -8.478467014844013E-06         -1.921102548588669E-06         -1.039956956343268E-05          7.788321773242462E-07   18.00997
   -17.82330    0.88742   -2.36460         -8.511447310154002E-06         -1.913771513469330E-06         -1.042521882362333E-05          7.862403168863342E-07   18.00136
   -18.16885    0.46276   -2.19999         -8.355446418898312E-06         -1.985066014707444E-06         -1.034051243360576E-05          7.661603822363144E-07   18.30740
   -18.21770   -0.38246   -2.20895         -8.324355929228973E-06         -1.995340897780788E-06         -1.031969682700976E-05          7.642706999465993E-07   18.35512
   -17.93478   -0.82313   -2.39340         -8.434275858503377E-06         -1.937067665188729E-06         -1.037134352369211E-05          7.811180937263732E-07   18.11249
   -18.01105   -1.66208   -2.21315         -8.332183815446197E-06         -1.966072355935265E-06         -1.029825617138146E-05          7.687587166343345E-07   18.22247
   -17.61228   -2.09707   -2.39925         -8.456629763230352E-06         -1.890531001316477E-06         -1.034716076454683E-05          7.859023915575741E-07   17.89823
   -17.54906   -2.90302   -2.22936         -8.346194742597871E-06         -1.901390096472985E-06         -1.024758483907086E-05          7.733982057905553E-07   17.92672
   -17.07427   -3.34060   -2.44136         -8.439381861246708E-06         -1.819018551641704E-06         -1.025840041288841E-05          7.864693785384562E-07   17.56845
   -16.91061   -4.11655   -2.29031         -8.297481127588777E-06         -1.820367662039147E-06         -1.011784878962792E-05          7.712416538519780E-07   17.55450
   -16.31566   -4.53762   -2.52444         -8.383629841525686E-06         -1.723470292709056E-06         -1.010710013423474E-05          7.839225950268956E-07   17.12202
   -15.97807   -5.19874   -2.35113         -8.304243420593472E-06         -1.696635889699090E-06         -1.000087931029256E-05          7.769873935669528E-07   16.96624
   -15.18627   -5.48044   -2.56273         -8.478314362958446E-06         -1.566425030401453E-06         -1.004473939335990E-05          8.007411185216138E-07   16.34704
   -14.66922   -5.89518   -2.33019         -8.548086359207097E-06         -1.502010779287474E-06         -1.005009713849457E-05          8.084903953209143E-07   15.98027
   -13.73769   -5.95425   -2.50271         -8.826432693831828E-06         -1.347193195021915E-06         -1.017362588885374E-05          8.398977074489437E-07   15.18027
   -13.17968   -6.15014   -2.24222         -8.983783354278309E-06         -1.271180171914573E-06         -1.025496352619288E-05          8.525419700438354E-07   14.71584
   -12.22382   -6.06641   -2.41729         -9.267550829535336E-06         -1.119108446477824E-06         -1.038665927601316E-05          8.775179388566473E-07   13.85880
   -11.71860   -6.18833   -2.18105         -9.393593701734969E-06         -1.055394784131295E-06         -1.044898848586626E-05          8.837561766903074E-07   13.43049
   -10.78860   -6.18128   -2.18071         -9.588904408819790E-06         -9.290814080952479E-07         -1.051798581691504E-05          8.933227711312853E-07   12.62369
   -10.29060   -6.03617   -2.40822         -9.691706546198116E-06         -8.553436887712552E-07         -1.054705023496937E-05          8.990478438807369E-07   12.17092
    -9.35662   -6.07709   -2.22259         -9.839729043913060E-06         -7.480468208225785E-07         -1.058777586473564E-05          8.942228313390837E-07   11.37617
    -8.81992   -5.85114   -2.46851         -9.953744906697749E-06         -6.732250229950050E-07         -1.062696992969275E-05          8.953029183925846E-07   10.86831
    -7.95068   -5.72914   -2.27799         -1.014823616618135E-05         -5.771311762333967E-07         -1.072536734241474E-05          8.803783977802690E-07   10.06110
    -7.44133   -5.33121   -2.51015         -1.033865077600056E-05         -5.035672905739390E-07         -1.084221806657450E-05          8.777169884127449E-07    9.49189
    -6.75079   -4.98272   -2.27387         -1.065786758428122E-05         -4.230735347267331E-07         -1.108094111900796E-05          8.512123473220976E-07    8.69317
    -6.36187   -4.40333   -2.47340         -1.092842422642817E-05         -3.597452462788029E-07         -1.128816947270697E-05          8.440311248465341E-07    8.12283
    -5.87904   -3.93221   -2.21281         -1.130978562997977E-05         -3.006279237023935E-07         -1.161041355368217E-05          8.092028188501673E-07    7.41093
    -5.58001   -3.27491   -2.41706         -1.155699503585999E-05         -2.515672398692420E-07         -1.180856227572923E-05          8.028538128580079E-07    6.90679
    -5.16719   -2.82322   -2.19224         -1.188453759449528E-05         -2.083522969523116E-07         -1.209288989144759E-05          7.708681017518772E-07    6.28302
    -4.91463   -2.11539   -2.42770         -1.204259736891640E-05         -1.720431186287013E-07         -1.221464048754510E-05          7.772037626321830E-07    5.87556
    -4.50914   -1.68266   -2.24429         -1.230615850920724E-05         -1.392023865446364E-07         -1.244536089575188E-05          7.504346133293793E-07    5.31042
    -4.42489   -0.87704   -2.47800         -1.233749961786432E-05         -1.222863086691374E-07         -1.245978592653346E-05          7.729351115011364E-07    5.14678
    -4.11569   -0.43065   -2.29697         -1.252801468614835E-05         -1.029088694893531E-07         -1.263092355563770E-05          7.485921610733947E-07    4.73291
    -4.78546    0.44809   -2.87493         -1.210214543907822E-05         -1.388280514647526E-07         -1.224097349054297E-05          8.275344530881087E-07    5.60059
    -5.07439    0.92010   -3.06758         -1.191494229575136E-05         -1.598290039836212E-07         -1.207477129973498E-05          8.510214829832042E-07    6.00051
    -5.04741    1.79916   -2.89380         -1.185221054863586E-05         -1.725529617814049E-07         -1.202476351041726E-05          8.459754256560747E-07    6.08995
    -5.48875    2.26028   -3.08345         -1.158455310056812E-05         -2.117462312753320E-07         -1.179629933184345E-05          8.726845575732865E-07    6.68901
    -5.73165    3.01821   -2.87196         -1.142464153124843E-05         -2.521671762837478E-07         -1.167680870753217E-05          8.750636879313520E-07    7.08587
    -6.37123    3.38877   -3.02714         -1.116095267267971E-05         -3.129528769981843E-07         -1.147390554967790E-05          9.002179018874710E-07    7.82559
    -6.79816    3.97520   -2.78933         -1.099170802737977E-05         -3.726927207767078E-07         -1.136440074815647E-05          9.017129994464029E-07    8.35449
    -7.56018    4.22771   -2.93400         -1.075982706070189E-05         -4.508921816799458E-07         -1.121071924238183E-05          9.203590133779382E-07    9.14539
    -8.02829    4.69425   -2.72479         -1.057653452305636E-05         -5.197588534698487E-07         -1.109629337652621E-05          9.170701286711974E-07    9.69092
    -8.87137    4.82060   -2.87546         -1.037031764033360E-05         -6.126052369770738E-07         -1.098292287731068E-05          9.285136935204456E-07   10.49798
    -9.35495    5.17121   -2.68786         -1.019606210827333E-05         -6.866244806969541E-07         -1.088268658897028E-05          9.228354447709512E-07   11.02184
   -10.27131    5.11169   -2.82705         -1.004416786139897E-05         -7.910260783602984E-07         -1.083519393975927E-05          9.285569621365424E-07   11.81615
   -10.75236    5.31634   -2.63404         -9.921850277925307E-06         -8.646276429948415E-07         -1.078647792092015E-05          9.221578494086653E-07   12.28067
   -11.65981    5.24363   -2.59680         -9.789203562078535E-06         -9.822347946090733E-07         -1.077143835668761E-05          9.174324444692948E-07   13.04570
   -12.13072    4.99954   -2.76058         -9.739032395698526E-06         -1.034533796924761E-06         -1.077356619262329E-05          9.184154117863048E-07   13.40785
   -12.99960    4.97854   -2.57340         -9.569009145904973E-06         -1.164493351449206E-06         -1.073350249735418E-05          9.028287531348215E-07   14.15619
   -13.46356    4.64117   -2.74735         -9.516016528076949E-06         -1.218774523054292E-06         -1.073479105113124E-05          9.018863425882297E-07   14.50365
   -14.25552    4.49107   -2.57736         -9.352989617842288E-06         -1.342460806029051E-06         -1.069545042387134E-05          8.832288722398918E-07   15.16682
   -14.68040    4.02981   -2.75543         -9.312533546268688E-06         -1.392723436541256E-06         -1.070525698280994E-05          8.820137742878230E-07   15.47081
   -15.37306    3.76737   -2.59450         -9.159189720246523E-06         -1.505525453924030E-06         -1.066471517417055E-05          8.628020373623246E-07   16.03919
   -15.73359    3.18541   -2.78714         -9.117521486129620E-06         -1.548605565168036E-06         -1.066612705129766E-05          8.617458157373678E-07   16.29297
   -16.31332    2.83611   -2.63101         -8.973931962465198E-06         -1.647612191272434E-06         -1.062154415373763E-05          8.432661595536698E-07   16.76574
   -16.59172    2.14049   -2.85219         -8.909198590920920E-06         -1.681860954592442E-06         -1.059105954551336E-05          8.418451177542429E-07   16.97062
   -17.04960    1.72775   -2.69435         -8.778920482966965E-06         -1.764835601053971E-06         -1.054375608402094E-05          8.244998856677295E-07   17.34744
   -17.16215    0.91596   -2.92418         -8.727852253132039E-06         -1.775076917569223E-06         -1.050292917070126E-05          8.262373871271472E-07   17.43356
   -17.46835    0.46585   -2.74883         -8.637103722264752E-06         -1.835064317650773E-06         -1.047216803991552E-05          8.114510138176727E-07   17.68944
   -17.53098   -0.39948   -2.76866         -8.589040422799831E-06         -1.847892299513616E-06         -1.043693272231345E-05          8.080533673091215E-07   17.75276
   -17.22315   -0.85215   -2.93716         -8.690781962079169E-06         -1.787003857416775E-06         -1.047778581949594E-05          8.212173852153916E-07   17.49257
   -17.22818   -1.71079   -2.74799         -8.651476987690223E-06         -1.801270294821999E-06         -1.045274728251222E-05          8.119430610602975E-07   17.52964
   -16.73070   -2.12490   -2.88854         -8.823965877500702E-06         -1.709292781997578E-06         -1.053325865949828E-05          8.280943111362578E-07   17.11068
   -16.64001   -2.94876   -2.75178         -8.715956445350439E-06         -1.716225225452887E-06         -1.043218167080333E-05          8.139608921046850E-07   17.12184
   -16.04025   -3.33546   -2.92269         -8.864721459235324E-06         -1.613040096903755E-06         -1.047776155613908E-05          8.300832581973636E-07   16.64202
   -15.87955   -4.14837   -2.84640         -8.670094301020958E-06         -1.618775427009421E-06         -1.028886972803038E-05          8.131960943566735E-07   16.65747
   -15.13375   -4.48075   -3.04532         -8.815886348134351E-06         -1.497011995513554E-06         -1.031289834364790E-05          8.324338986685624E-07   16.07425
   -14.77806   -5.15169   -2.93496         -8.697264521621063E-06         -1.471913503585918E-06         -1.016917802520698E-05          8.266669851311303E-07   15.92310
   -13.84058   -5.29054   -3.10490         -8.934200924316752E-06         -1.319395375202600E-06         -1.025359629951935E-05          8.545362869227844E-07   15.13908
   -13.31725   -5.67836   -2.90520         -8.986386328449771E-06         -1.259549764238103E-06         -1.024593609268787E-05          8.594982043783474E-07   14.76595
   -12.29344   -5.58971   -3.05391         -9.290577632736501E-06         -1.095974238373635E-06         -1.038655187111014E-05          8.872927576133299E-07   13.84557
   -11.75801   -5.78186   -2.82650         -9.410916622062037E-06         -1.031716281629393E-06         -1.044263290369143E-05          8.927035594566715E-07   13.40410
   -10.75479   -5.75868   -2.81777         -9.639891749143802E-06         -8.943820750719393E-07         -1.053427382421574E-05          9.047426019725905E-07   12.52069
   -10.22908   -5.53718   -3.02851         -9.773805893123728E-06         -8.130520885940636E-07         -1.058685798171779E-05          9.126187933200208E-07   12.01941
    -9.22819   -5.58871   -2.86487         -9.936099524344240E-06         -6.994652743929972E-07         -1.063556479873724E-05          9.080852260595114E-07   11.16247
    -8.68241   -5.25388   -3.09506         -1.008518512860774E-05         -6.189034626728917E-07         -1.070408859128064E-05          9.117681046623515E-07   10.60975
    -7.76478   -5.11837   -2.93086         -1.028698397222299E-05         -5.197591880001510E-07         -1.080674316022314E-05          8.956021122809970E-07    9.75087
    -7.28251   -4.58454   -3.13974         -1.050726210112560E-05         -4.450213956748842E-07         -1.095228349680049E-05          8.964227253647243E-07    9.16029
    -6.57013   -4.21799   -2.91856         -1.082175928544851E-05         -3.663276490059280E-07         -1.118808693445444E-05          8.679809696521614E-07    8.33523
    -6.23954   -3.51247   -3.09815         -1.108049488621330E-05         -3.081029903981018E-07         -1.138859787661140E-05          8.682031316445519E-07    7.80179
    -5.73225   -3.04051   -2.85726         -1.142555690878890E-05         -2.530204350500316E-07         -1.167857734383894E-05          8.383738945152652E-07    7.08994
    -5.54433   -2.25088   -3.04480         -1.161391508727681E-05         -2.151767850995720E-07         -1.182909187237638E-05          8.458800056592368E-07    6.71393
    -5.13954   -1.77744   -2.84007         -1.188832987823085E-05         -1.777260234178357E-07         -1.206605590164869E-05          8.237180208618421E-07    6.13516
    -5.12112   -0.91735   -3.03968         -1.193385478911368E-05         -1.626619561199887E-07         -1.209651674523367E-05          8.417948019070439E-07    6.02554
    -4.81197   -0.44968   -2.86103         -1.211079651643210E-05         -1.403653086781034E-07         -1.225116182511020E-05          8.222978135366005E-07    5.61629
    -5.52943    0.46858   -3.41099         -1.171857905614664E-05         -1.850573769104951E-07         -1.190363643305713E-05          8.846048494472241E-07    6.51375
    -5.83818    0.96378   -3.60821         -1.152444545488349E-05         -2.104120679063552E-07         -1.173485752278985E-05          9.032825229776316E-07    6.93054
    -5.82448    1.87642   -3.45446         -1.144804828488653E-05         -2.250291460230037E-07         -1.167307743090953E-05          8.979457667360246E-07    7.02701
    -6.35194    2.33954   -3.62835         -1.119103963246899E-05         -2.753588796359761E-07         -1.146639851210497E-05          9.197968124862020E-07    7.68020
    -6.65578    3.09396   -3.41251         -1.105158093098926E-05         -3.237443816950131E-07         -1.137532531268427E-05          9.191899462165238E-07    8.09428
    -7.42404    3.40549   -3.52215         -1.083396773755738E-05         -4.009167191485271E-07         -1.123488445670591E-05          9.383452024276051E-07    8.89490
    -7.90150    3.95282   -3.28145         -1.069938797709746E-05         -4.690927635553045E-07         -1.116848074065277E-05          9.363430754524858E-07    9.42478
    -8.78826    4.09039   -3.38104         -1.051528635590737E-05         -5.646816037640595E-07         -1.107996795967143E-05          9.472780323704497E-07   10.26627
    -9.29001    4.49163   -3.18427         -1.036155132994405E-05         -6.398866446915576E-07         -1.100143797463561E-05          9.412437782298405E-07   10.79901
   -10.23909    4.45875   -3.30816         -1.018321240666398E-05         -7.495026653316583E-07         -1.093271507199564E-05          9.452051879512937E-07   11.64747
   -10.73681    4.72821   -3.13855         -1.003476541667854E-05         -8.271186731614674E-07         -1.086188408984001E-05          9.378187567251411E-07   12.14436
   -11.68877    4.68876   -3.10931         -9.863828163465545E-06         -9.531778265525389E-07         -1.081700599001808E-05          9.320561508238615E-07   12.97226
   -12.18850    4.42045   -3.27408         -9.789585667548054E-06         -1.010196433981203E-06         -1.079978210152926E-05          9.319856480917606E-07   13.37234
   -13.09441    4.39385   -3.09930         -9.609599634063364E-06         -1.146430140242084E-06         -1.075602977430545E-05          9.171774102512660E-07   14.15539
   -13.58488    4.00424   -3.28574         -9.527685807781826E-06         -1.205403008446901E-06         -1.073308881622873E-05          9.147341966482911E-07   14.53887
   -14.37890    3.79029   -3.11186         -9.389610005205049E-06         -1.328816243164386E-06         -1.071842624836944E-05          8.978005168056839E-07   15.19219
   -14.83512    3.26723   -3.33482         -9.280508654643268E-06         -1.386726201442836E-06         -1.066723485608610E-05          8.929201402411459E-07   15.55238
   -15.49715    2.92478   -3.17103         -9.155587789445217E-06         -1.494659304969579E-06         -1.065024709441480E-05          8.753891336535025E-07   16.08637
   -15.88660    2.25262   -3.44496         -9.001972665282085E-06         -1.547196564082182E-06         -1.054916922936427E-05          8.680327933696635E-07   16.41116
   -16.40145    1.81763   -3.28226         -8.889801635090484E-06         -1.636455500467562E-06         -1.052625713555805E-05          8.515623152853322E-07   16.82511
   -16.56172    0.97531   -3.54137         -8.792411448102815E-06         -1.654066310372599E-06         -1.044647775847541E-05          8.504346509514503E-07   16.96417
   -16.86453    0.48639   -3.34114         -8.751058562045036E-06         -1.710599706829298E-06         -1.046165826887433E-05          8.404039145984428E-07   17.19919
   -16.86290   -0.41639   -3.33429         -8.756919870244873E-06         -1.709889308773319E-06         -1.046680917901819E-05          8.394275623741516E-07   17.19443
   -16.45429   -0.87739   -3.44934         -8.918009114679743E-06         -1.631661337630216E-06         -1.054967045230996E-05          8.543810935764265E-07   16.83483
   -16.31706   -1.72727   -3.19276         -9.013232995967937E-06         -1.617937715613083E-06         -1.063117071158102E-05          8.532305547956119E-07   16.71597
   -15.71562   -2.10698   -3.27236         -9.240292505574720E-06         -1.510909041244887E-06         -1.075120154681961E-05          8.690561143409239E-07   16.19038
   -15.52950   -2.89132   -3.13905         -9.194018150039713E-06         -1.499521130557424E-06         -1.069353928059714E-05          8.591935920424093E-07   16.10523
   -14.86112   -3.24153   -3.29942         -9.332319014611641E-06         -1.390360756978413E-06         -1.072267977159005E-05          8.755627151043844E-07   15.56427
   -14.62606   -4.01804   -3.28199         -9.145429140853968E-06         -1.382585186654002E-06         -1.052801432750797E-05          8.645173359063113E-07   15.51895
   -13.78619   -4.27475   -3.48254         -9.279464361289809E-06         -1.251974895160179E-06         -1.053143925644999E-05          8.835229699142279E-07   14.84791
   -13.35639   -4.87630   -3.41581         -9.180114591522151E-06         -1.214950654582159E-06         -1.039506524610431E-05          8.809701155399144E-07   14.62324
   -12.32785   -4.85320   -3.56557         -9.440252556918298E-06         -1.054844825402344E-06         -1.049509738232064E-05          9.051238748663318E-07   13.72016
   -11.78822   -5.17879   -3.40338         -9.492548793985858E-06         -9.962681068855556E-07         -1.048881690087141E-05          9.066093369758288E-07   13.31785
   -10.72708   -5.14945   -3.38671         -9.748384409748210E-06         -8.508679163190529E-07         -1.059925232606726E-05          9.200874428113775E-07   12.37161
   -10.18432   -4.83305   -3.55677         -9.927309139792829E-06         -7.636796662032011E-07         -1.069098880599603E-05          9.309970898445139E-07   11.82071
    -9.14054   -4.88594   -3.42876         -1.009743556002114E-05         -6.455517873696732E-07         -1.074298734739081E-05          9.271704705875391E-07   10.91688
    -8.60523   -4.43630   -3.62995         -1.027221498055386E-05         -5.632748315792590E-07         -1.083548981213312E-05          9.332795472636644E-07   10.33960
    -7.66482   -4.27042   -3.50513         -1.047206333054920E-05         -4.626472157070958E-07         -1.093471054625629E-05          9.179655848182207E-07    9.44838
    -7.24489   -3.60171   -3.67950         -1.069612357489464E-05         -3.933861300235867E-07         -1.108950970491823E-05          9.218958107244241E-07    8.88816
    -6.53198   -3.21031   -3.49371         -1.097914329076160E-05         -3.183407888277972E-07         -1.129748407958939E-05          8.978240255617175E-07    8.07335
    -6.33826   -2.36727   -3.62997         -1.119906463043305E-05         -2.751003748258372E-07         -1.147416500525889E-05          9.051855890664405E-07    7.67817
    -5.85790   -1.87980   -3.42196         -1.147686218472217E-05         -2.274516818986490E-07         -1.170431386662082E-05          8.844279640417460E-07    7.03978
    -5.88163   -0.96012   -3.57453         -1.155404009311707E-05         -2.134302905649557E-07         -1.176747038368203E-05          8.986711329329211E-07    6.94930
    -5.54965   -0.47111   -3.39699         -1.172921412278858E-05         -1.864183821765201E-07         -1.191563250496510E-05          8.815304965919585E-07    6.52381
    -6.35132    0.49206   -3.90828         -1.135573225328046E-05         -2.438738185037714E-07         -1.159960607178423E-05          9.316331702798998E-07    7.47369
    -6.73333    1.00011   -4.08123         -1.117152141134923E-05         -2.784679496986409E-07         -1.144998936104787E-05          9.458898854517875E-07    7.93690
    -6.74764    1.93495   -3.95505         -1.107630105837716E-05         -2.961168539250956E-07         -1.137241791230225E-05          9.406583778570035E-07    8.05712
    -7.42865    2.35151   -4.05950         -1.087188228927602E-05         -3.648636015415238E-07         -1.123674589081755E-05          9.563030862759231E-07    8.78601
    -7.80120    3.06764   -3.84243         -1.075474572030473E-05         -4.222822472080970E-07         -1.117702796751282E-05          9.535263992013402E-07    9.22135
    -8.71219    3.25986   -3.88026         -1.059934207023114E-05         -5.199956007552594E-07         -1.111933767098640E-05          9.637168353008161E-07   10.07895
    -9.22179    3.73529   -3.65956         -1.048355676189863E-05         -5.949033501493375E-07         -1.107846011204796E-05          9.585557143446891E-07   10.60123
   -10.20810    3.72364   -3.74904         -1.030339379052272E-05         -7.095470266571986E-07         -1.101294081717992E-05          9.608820612284446E-07   11.49461
   -10.72365    4.04586   -3.59442         -1.015027942860312E-05         -7.894428002645479E-07         -1.093972222886766E-05          9.530346288693533E-07   12.01189
   -11.72110    4.04700   -3.58958         -9.930896290686279E-06         -9.240359115359300E-07         -1.085493220222221E-05          9.455157310456574E-07   12.90920
   -12.25036    3.75125   -3.76770         -9.821172452210743E-06         -9.864185332474556E-07         -1.080759098545820E-05          9.436041336677790E-07   13.35435
   -13.20822    3.73507   -3.63865         -9.595124415639041E-06         -1.132237681538169E-06         -1.072736209717721E-05          9.277317587012315E-07   14.20027
   -13.73102    3.27233   -3.86876         -9.457399975822871E-06         -1.197387936702498E-06         -1.065478791252537E-05          9.216045101170382E-07   14.63613
   -14.56389    3.01843   -3.73882         -9.274629093891410E-06         -1.329409848010796E-06         -1.060403894190221E-05          9.027667488430293E-07   15.33612
   -15.01804    2.35687   -4.03641         -9.092676917855208E-06         -1.388774597271423E-06         -1.048145151512663E-05          8.929557553448470E-07   15.72860
   -15.67872    1.93350   -3.90634         -8.933850520880432E-06         -1.499735438312603E-06         -1.043358595919304E-05          8.732875841448490E-07   16.27329
   -15.83071    1.04340   -4.15144         -8.858644283242482E-06         -1.512593240763259E-06         -1.037123752400574E-05          8.734636660323536E-07   16.39923
   -16.19887    0.52020   -3.94918         -8.816663409663402E-06         -1.578539450122690E-06         -1.039520285978609E-05          8.637665398596230E-07   16.68142
   -16.09307   -0.42972   -3.86399         -8.928083142544902E-06         -1.557492249540649E-06         -1.048557539208555E-05          8.668769395786234E-07   16.55603
   -15.55977   -0.89440   -3.88845         -9.176528313171832E-06         -1.459746774900425E-06         -1.063627508807226E-05          8.856180186322530E-07   16.06320
   -15.31955   -1.72178   -3.55340         -9.381983993294417E-06         -1.428177112844560E-06         -1.081016110613898E-05          8.893898204527190E-07   15.82023
   -14.65472   -2.07850   -3.60510         -9.610224000876458E-06         -1.316568210053520E-06         -1.092679221092998E-05          9.054845011919288E-07   15.23410
   -14.38241   -2.81392   -3.48444         -9.602464708818918E-06         -1.290672162730995E-06         -1.089313687154991E-05          8.995881033930205E-07   15.06364
   -13.63852   -3.12120   -3.67665         -9.698043598101838E-06         -1.176366977082339E-06         -1.087441057518418E-05          9.158220748293363E-07   14.46613
   -13.27735   -3.80552   -3.69219         -9.558240186947548E-06         -1.146433245360319E-06         -1.070467343230787E-05          9.104008814618760E-07   14.29693
   -12.31118   -3.87891   -3.87419         -9.733018968152396E-06         -1.001249559735515E-06         -1.073426852788791E-05          9.289755637908356E-07   13.47666
   -11.79147   -4.32504   -3.81430         -9.708794923545531E-06         -9.479677650557593E-07         -1.065676268860129E-05          9.278070940290362E-07   13.12607
   -10.70908   -4.33422   -3.82217         -9.942620945013504E-06         -8.020884088318644E-07         -1.074470935384537E-05          9.394878762401664E-07   12.16877
   -10.16218   -3.94625   -3.94742         -1.014472393709565E-05         -7.141855287495716E-07         -1.085890946584522E-05          9.519937815235583E-07   11.59417
    -9.10210   -3.99543   -3.88321         -1.029695142606799E-05         -5.938089446384572E-07         -1.089076037070645E-05          9.485803289728418E-07   10.67197
    -8.60713   -3.42811   -4.04356         -1.048248468458666E-05         -5.158231439688639E-07         -1.099830782855552E-05          9.559077530938617E-07   10.10866
    -7.69032   -3.20026   -3.96467         -1.067043519478594E-05         -4.169559716399446E-07         -1.108739116642589E-05          9.435880719689636E-07    9.22504
    -7.40481   -2.38934   -4.08053         -1.087683777375070E-05         -3.638159230787980E-07         -1.124065369682950E-05          9.499397781906737E-07    8.78583
    -6.76565   -1.94774   -3.93162         -1.110955234174775E-05         -2.978773778918710E-07         -1.140742971963962E-05          9.337707268343899E-07    8.06383
    -6.77820   -0.99230   -4.03768         -1.121494700795043E-05         -2.820177944906186E-07         -1.149696480244105E-05          9.441232423772376E-07    7.95182
    -6.37454   -0.49215   -3.88860         -1.137381198584417E-05         -2.456506333268374E-07         -1.161946261917101E-05          9.302184166970434E-07    7.48320
    -7.32296    0.50588   -4.30223         -1.104899837942264E-05         -3.238024580111815E-07         -1.137280083743382E-05          9.657861059958946E-07    8.50828
    -7.80320    1.00829   -4.41916         -1.089239319195128E-05         -3.720273973903337E-07         -1.126442058934161E-05          9.747532137596011E-07    9.02416
    -7.89456    1.91908   -4.30261         -1.079988070610258E-05         -3.966691542697148E-07         -1.119654986037230E-05          9.704473394278772E-07    9.19345
    -8.72093    2.24687   -4.33009         -1.064223996434939E-05         -4.873888224230017E-07         -1.112962878677239E-05          9.778996724602733E-07    9.99263
    -9.16600    2.87153   -4.12480         -1.054411034598899E-05         -5.544445344419360E-07         -1.109855488043092E-05          9.732600525073965E-07   10.45348
   -10.17699    2.91668   -4.17800         -1.036194154266670E-05         -6.735343936643339E-07         -1.103547593633103E-05          9.739554534498772E-07   11.38130
   -10.70949    3.29336   -4.02294         -1.022790804913289E-05         -7.544294216678543E-07         -1.098233747080075E-05          9.665371582918855E-07   11.90476
   -11.75430    3.31983   -4.04644         -9.969656690759170E-06         -8.965262778874487E-07         -1.086618296864662E-05          9.570692099439720E-07   12.86695
   -12.31295    2.98182   -4.25930         -9.805524984049851E-06         -9.645255543445378E-07         -1.077005053839439E-05          9.524048343362883E-07   13.36569
   -13.33181    2.95049   -4.21068         -9.514228865092480E-06         -1.120427730756220E-06         -1.063465659584870E-05          9.336939943367542E-07   14.28889
   -13.83692    2.33934   -4.48762         -9.333631614992098E-06         -1.183468023436115E-06         -1.051709963842821E-05          9.251434234813123E-07   14.73334
   -14.69027    1.99961   -4.44329         -9.081885887359724E-06         -1.320904003808452E-06         -1.040278989116818E-05          9.018003149094425E-07   15.47725
   -14.84183    1.08216   -4.63052         -9.052137323882254E-06         -1.330810266774486E-06         -1.038294759065674E-05          9.037490089695996E-07   15.58501
   -15.32160    0.54931   -4.46873         -8.970342396216930E-06         -1.412552064651265E-06         -1.038289446086819E-05          8.913174469597918E-07   15.96943
   -15.15645   -0.43856   -4.29093         -9.167647846909374E-06         -1.381646401679299E-06         -1.054929424858867E-05          8.966887020718811E-07   15.75825
   -14.54083   -0.90356   -4.23338         -9.466004544064878E-06         -1.275529858005868E-06         -1.074153440207075E-05          9.173627828576053E-07   15.17147
   -14.27932   -1.71612   -3.88260         -9.690680572937763E-06         -1.243030655783111E-06         -1.093371122872087E-05          9.218385565635174E-07   14.89694
   -13.54240   -2.04046   -3.95249         -9.885523061432860E-06         -1.127142262197475E-06         -1.101266532363033E-05          9.377705591804614E-07   14.25420
   -13.17390   -2.71012   -3.86720         -9.895045483380934E-06         -1.087098144458989E-06         -1.098214362783992E-05          9.356044206677206E-07   13.99470
   -12.27121   -2.84292   -4.05583         -1.002621656722755E-05         -9.534970690500997E-07         -1.097971363627765E-05          9.518265950451775E-07   13.23309
   -11.76966   -3.32739   -4.04727         -9.999697183573656E-06         -8.989994730884475E-07         -1.089869665666210E-05          9.507265875416897E-07   12.88319
   -10.70304   -3.38554   -4.11264         -1.017778789857387E-05         -7.572994298464816E-07         -1.093508732842035E-05          9.601883371903369E-07   11.95537
   -10.16375   -2.95963   -4.21833         -1.036054670262854E-05         -6.734326957047924E-07         -1.103397939833333E-05          9.710269948843665E-07   11.39542
    -9.12792   -2.95300   -4.21346         -1.050099559231632E-05         -5.531097855370560E-07         -1.105410537785338E-05          9.692022902694859E-07   10.47819
    -8.72087   -2.26275   -4.33141         -1.066863536416531E-05         -4.878130011903935E-07         -1.115644836535571E-05          9.759047113904816E-07    9.99674
    -7.91456   -1.92693   -4.27737         -1.084203488975852E-05         -3.987503203416641E-07         -1.124078521010019E-05          9.679858012794471E-07    9.20050
    -7.84181   -0.99534   -4.36914         -1.094343867336680E-05         -3.755022333346933E-07         -1.131894090670150E-05          9.745886646563645E-07    9.03184
    -7.34461   -0.50231   -4.27835         -1.107219936153814E-05         -3.256886331786653E-07         -1.139788799471680E-05          9.654324218426020E-07    8.51469
    -8.42259    0.50204   -4.56321         -1.080105848746744E-05         -4.278287122482337E-07         -1.122888719971568E-05          9.857303035601351E-07    9.59244
    -9.00012    0.97777   -4.63506         -1.065181416010563E-05         -4.925281850629859E-07         -1.114434234516862E-05          9.890569658172803E-07   10.17064
    -9.20709    1.81182   -4.51848         -1.057079683728117E-05         -5.291564877052578E-07         -1.109995332498643E-05          9.849959053544661E-07   10.41489
   -10.17156    1.98355   -4.57551         -1.036183597493168E-05         -6.453912104490901E-07         -1.100722718538077E-05          9.838626665242352E-07   11.32830
   -10.69638    2.46375   -4.44031         -1.023831997766174E-05         -7.240411505872974E-07         -1.096236112824903E-05          9.769942957951260E-07   11.84057
   -11.78754    2.50242   -4.49811         -9.944903562718029E-06         -8.726287145485714E-07         -1.081753227726660E-05          9.654127865901616E-07   12.86239
   -12.34878    2.05438   -4.72544         -9.751301851685064E-06         -9.417658893969724E-07         -1.069306774108204E-05          9.592637110739998E-07   13.38068
   -13.37929    1.92263   -4.76357         -9.418661016230293E-06         -1.097948502283611E-06         -1.051660951851390E-05          9.375690633670219E-07   14.33156
   -13.60848    1.05460   -4.89812         -9.389509389475231E-06         -1.119587710957925E-06         -1.050909710043316E-05          9.380553904332381E-07   14.50153
   -14.21766    0.55386   -4.80939         -9.251871386558736E-06         -1.216615089356842E-06         -1.046848647591558E-05          9.241924117205040E-07   15.01928
   -14.08180   -0.44400   -4.59006         -9.460500411357846E-06         -1.192852531892270E-06         -1.065335294325012E-05          9.284569650926306E-07   14.81766
   -13.41594   -0.89556   -4.49906         -9.755115437018536E-06         -1.086454915094871E-06         -1.084157035211341E-05          9.476884605155506E-07   14.17854
   -13.13804   -1.67947   -4.21227         -9.939409714581016E-06         -1.054238757421936E-06         -1.099364847200295E-05          9.518107464763063E-07   13.89863
   -12.24743   -1.85445   -4.30509         -1.013413728027730E-05         -9.220900607801763E-07         -1.105622734105748E-05          9.666657753224718E-07   13.11383
   -11.74910   -2.34824   -4.23393         -1.020384767105575E-05         -8.626983716823698E-07         -1.106654604273812E-05          9.679406529609260E-07   12.70755
   -10.70826   -2.40679   -4.33106         -1.035635684939462E-05         -7.239016759606621E-07         -1.108025852535528E-05          9.773350848117408E-07   11.79905
   -10.19266   -1.92973   -4.44845         -1.048689845503539E-05         -6.467077961268149E-07         -1.113360625116220E-05          9.851176322833032E-07   11.28729
    -9.24110   -1.79231   -4.45367         -1.064302297985540E-05         -5.325041677770760E-07         -1.117552714763247E-05          9.851590540905606E-07   10.41372
    -9.03254   -0.95455   -4.56755         -1.071482670122881E-05         -4.957717009126823E-07         -1.121059840214149E-05          9.898435999658089E-07   10.16663
    -8.43956   -0.49340   -4.53706         -1.082565809640899E-05         -4.294970425983647E-07         -1.125515513900735E-05          9.858682215746636E-07    9.59451
    -9.59056    0.47784   -4.74035         -1.055287938259719E-05         -5.541194196072774E-07         -1.110699880220447E-05          9.928466424469588E-07   10.70879
   -10.33399    0.82677   -4.82921         -1.034410407411299E-05         -6.458704371924999E-07         -1.098997451130549E-05          9.898264350452492E-07   11.43661
   -10.70801    1.49843   -4.78094         -1.021759871751535E-05         -7.025520391074125E-07         -1.092015075662277E-05          9.843827083895384E-07   11.82219
   -11.79408    1.53059   -4.87308         -9.902691112736836E-06         -8.500020226467220E-07         -1.075269313538356E-05          9.715852005813285E-07   12.85262
   -12.18480    0.86123   -4.96942         -9.821772016671666E-06         -8.966843952568248E-07         -1.071845641192849E-05          9.695571235209909E-07   13.18735
   -12.96868    0.51699   -4.95633         -9.617913987486674E-06         -1.012324870985477E-06         -1.063023885847215E-05          9.559534133465078E-07   13.89314
   -12.91199   -0.43532   -4.77661         -9.767610459003973E-06         -1.003040905132967E-06         -1.077065136413694E-05          9.577725127292757E-07   13.77407
   -12.13011   -0.76770   -4.70692         -1.004095493675763E-05         -8.877774323126537E-07         -1.092873236907028E-05          9.734948256947142E-07   13.03396
   -11.74345   -1.40293   -4.52219         -1.020394223954242E-05         -8.405906581500231E-07         -1.104453289769244E-05          9.778159670868653E-07   12.66203
   -10.72952   -1.41966   -4.56842         -1.039970826645913E-05         -7.039416529014340E-07         -1.110364991936056E-05          9.870396497489452E-07   11.74770
   -10.35143   -0.78673   -4.70508         -1.044695271721818E-05         -6.476505512614749E-07         -1.109460326847966E-05          9.919238690766142E-07   11.39775
    -9.60601   -0.45904   -4.69899         -1.058721304752857E-05         -5.557954840430841E-07         -1.114300853157165E-05          9.931937840437081E-07   10.70358
   -10.86264    0.35395   -4.91148         -1.021518959491052E-05         -7.098557731237166E-07         -1.092504536803424E-05          9.880100528724579E-07   11.92665
   -11.62739    0.35625   -4.95955         -1.000840947964035E-05         -8.132242521287051E-07         -1.082163373176905E-05          9.800456840977902E-07   12.64596
   -11.62938   -0.32037   -4.87678         -1.007008015931372E-05         -8.133574032686497E-07         -1.088343756258237E-05          9.804097356972337E-07   12.61460
   -10.86464   -0.32267   -4.82871         -1.028301615549509E-05         -7.099892709869867E-07         -1.099300542648208E-05          9.885375063986673E-07   11.89373
    -4.01544   -0.98532    1.77306         -1.281767812041752E-05         -1.027299700254060E-07         -1.292040809044293E-05          6.211314679939648E-07    4.49870
    -4.36311    0.65157    1.80684         -1.281528889592107E-05         -1.169524358948808E-07         -1.293224133181595E-05          6.171881470364603E-07    4.76717
    -3.54867    1.24180   -1.83581         -1.276572322253533E-05         -8.494492500884910E-08         -1.285066814754418E-05          7.068081890004991E-07    4.18393
    -4.18783   -2.66552   -0.11521         -1.269964771015637E-05         -1.480914142182998E-07         -1.284773912437467E-05          5.376435579459608E-07    4.96550
    -4.18447   -2.68057    0.06209         -1.269785746482066E-05         -1.484062629681812E-07         -1.284626372778884E-05          5.325680325906509E-07    4.96982
    -3.78275    3.00955   -1.22983         -1.241537865666598E-05         -1.404218098440141E-07         -1.255580046650999E-05          7.050179773973903E-07    4.98790
    -4.98694    3.87398    0.50350         -1.199963826912609E-05         -2.396424474409083E-07         -1.223928071656700E-05          6.830760581328568E-07    6.33488
    -4.87864    3.02167    1.17797         -1.233915033990476E-05         -1.979028366532392E-07         -1.253705317655800E-05          6.403475619897102E-07    5.85826
    -4.05074   -2.70436    0.66023         -1.264972962951685E-05         -1.425579756786273E-07         -1.279228760519548E-05          5.630568242564434E-07    4.91508
    -3.97154   -2.32630    1.27356         -1.266089910780608E-05         -1.273101452742088E-07         -1.278820925308029E-05          6.019815651378159E-07    4.77564
    -4.28555    4.20072   -0.49455         -1.185037317455035E-05         -2.164140638785866E-07         -1.206678723842894E-05          7.325590209866054E-07    6.02134
    -4.72457    2.11848    1.58317         -1.256500321141805E-05         -1.611120410994770E-07         -1.272611525251752E-05          6.348950490208318E-07    5.41442
    -4.08201   -2.54311   -0.74951         -1.268122309923894E-05         -1.390011366522294E-07         -1.282022423589117E-05          5.794648704523126E-07    4.86744
    -4.12717   -2.61929   -0.01086         -1.273871154521800E-05         -1.435924435824135E-07         -1.288230398880041E-05          5.219346804670698E-07    4.88818
    -4.71540    2.86076    1.29263         -1.239064063356501E-05         -1.828030532940831E-07         -1.257344368685909E-05          6.458115362720425E-07    5.66479
    -4.12848   -2.61894   -0.03202         -1.273805850488325E-05         -1.436463939687374E-07         -1.288170489885199E-05          5.229989211516950E-07    4.88920
    -4.16394   -2.14416   -1.34228         -1.265416885613782E-05         -1.318233786066144E-07         -1.278599223474443E-05          6.223908451045090E-07    4.87212
    -4.69906    4.10211   -0.13537         -1.190278568577570E-05         -2.338204320820825E-07         -1.213660611785778E-05          7.057332803022685E-07    6.23913
    -4.77713    4.10781    0.04756         -1.189532227781520E-05         -2.385478868697470E-07         -1.213387016468495E-05          7.030698627078506E-07    6.30058
    -4.35928   -2.80280   -0.33157         -1.257978573514627E-05         -1.614090643187453E-07         -1.274119479946501E-05          5.765556057132257E-07    5.19316
    -4.16690    0.85986    1.80127         -1.281521076866585E-05         -1.087865865815949E-07         -1.292399735524745E-05          6.412993063980619E-07    4.62028
    -3.87509   -1.13531    1.71406         -1.284067667645890E-05         -9.798653288762441E-08         -1.293866320934652E-05          6.262138840843733E-07    4.38671
    -4.47564    1.94376    1.60254         -1.264056463778664E-05         -1.430835814220145E-07         -1.278364821920866E-05          6.382209428442936E-07    5.13592
    -4.51934    2.59649    1.52197         -1.243054440524933E-05         -1.632552113957971E-07         -1.259379961664513E-05          6.712901706976691E-07    5.42979
    -4.19110    0.39870    1.70983         -1.291219560515933E-05         -1.065139588135604E-07         -1.301870956397289E-05          5.944077185242543E-07    4.54398
    -3.78775   -2.39317    1.43402         -1.258964011914565E-05         -1.206367469230383E-07         -1.271027686606869E-05          6.579306116671742E-07    4.70433
    -3.84719   -1.79667    1.56291         -1.274813369922667E-05         -1.083445055980258E-07         -1.285647820482470E-05          6.297446279925116E-07    4.52455
    -4.71188    4.01727    0.87822         -1.186239943293062E-05         -2.304058181538679E-07         -1.209280525108448E-05          7.188488819494372E-07    6.25392
    -3.93131   -2.87685    0.87067         -1.252737098638206E-05         -1.426142766712035E-07         -1.266998526305326E-05          6.168586957460489E-07    4.94869
    -3.88460   -2.59535    1.23090         -1.256468904430985E-05         -1.311631401924065E-07         -1.269585218450226E-05          6.357498614232887E-07    4.83126
    -4.68337    4.38277    0.29315         -1.170380141567011E-05         -2.472464478284804E-07         -1.195104786349859E-05          7.255813153554969E-07    6.42094
    -4.79920    4.07700    0.15903         -1.191353634842658E-05         -2.383025841906309E-07         -1.215183893261721E-05          6.982765008922509E-07    6.29917
    -4.78148    4.15769    0.51540         -1.182667563488460E-05         -2.412752068588994E-07         -1.206795084174350E-05          7.111373559365013E-07    6.35725
    -4.12326   -2.61691    0.07198         -1.274168480663691E-05         -1.433237243983496E-07         -1.288500853103526E-05          5.180042896321465E-07    4.88413
    -4.08340   -2.71991    0.27059         -1.268581192420339E-05         -1.446609367196894E-07         -1.283047286092308E-05          5.423928644011077E-07    4.91378
    -4.08381   -2.63000   -0.53220         -1.268324995204135E-05         -1.417905098028954E-07         -1.282504046184425E-05          5.677661832274383E-07    4.88647
    -4.07265   -2.70227   -0.32302         -1.267866920753811E-05         -1.435592310161035E-07         -1.282222843855421E-05          5.616916870694970E-07    4.89827
    -3.85675    3.69028   -0.98698         -1.212126161019480E-05         -1.712267407554146E-07         -1.229248835095021E-05          7.357806714589895E-07    5.42833
    -3.87378    3.22199   -1.11398         -1.233948979557278E-05         -1.525655900154881E-07         -1.249205538558827E-05          7.050097321464539E-07    5.16026
    -4.14540    3.94357   -0.73123         -1.199173366872801E-05         -1.967276010569076E-07         -1.218846126978492E-05          7.288631250511430E-07    5.76808
    -3.99743   -2.50573   -1.22194         -1.256159625646536E-05         -1.337600141846963E-07         -1.269535627065005E-05          6.440140006314097E-07    4.87352
    -3.94740   -2.78829   -0.95889         -1.251859165487850E-05         -1.403609194394001E-07         -1.265895257431790E-05          6.386507253667338E-07    4.92706
    -3.54842    2.38666   -1.54452         -1.257798275513458E-05         -1.098981893930440E-07         -1.268788094452762E-05          7.188493066341427E-07    4.54675
    -3.55128    1.89062   -1.67548         -1.268486821264177E-05         -9.727000639909283E-08         -1.278213821904086E-05          7.085386978025942E-07    4.35813
    -3.70903    2.83898   -1.32141         -1.246839243691071E-05         -1.311075877257944E-07         -1.259950002463651E-05          7.076255403468123E-07    4.85416
    -3.64428    2.65075   -1.41293         -1.252056242777164E-05         -1.220366113531162E-07         -1.264259903912476E-05          7.100842466030973E-07    4.72267
    -3.94154   -1.57564   -1.81505         -1.264781885659738E-05         -1.082816232512032E-07         -1.275610047984859E-05          6.835688806480395E-07    4.61658
    -4.00724   -1.83221   -1.64942         -1.264820930871060E-05         -1.166741789608624E-07         -1.276488348767146E-05          6.631119435627187E-07    4.70484
    -3.90336   -2.32339   -1.52587         -1.253107047014770E-05         -1.240022678043147E-07         -1.265507273795201E-05          6.820101466865214E-07    4.79194
    -3.36704    0.81458   -2.05427         -1.272751574871578E-05         -7.211706661281135E-08         -1.279963281532859E-05          7.517078647043072E-07    4.02747
    -3.49074    0.09461   -2.14435         -1.271133784512102E-05         -7.328111561402692E-08         -1.278461896073505E-05          7.510509250754741E-07    4.09786
    -3.51103   -0.07577   -2.15449         -1.270339184363594E-05         -7.411582040252873E-08         -1.277750766403847E-05          7.514255946214152E-07    4.12007
    -3.60520   -0.93120   -2.09283         -1.266438883584649E-05         -8.331956984156894E-08         -1.274770840568805E-05          7.398518081084992E-07    4.27137
    -4.89996    2.74553    1.44813         -1.235645105500236E-05         -1.895851366367731E-07         -1.254603619163913E-05          6.608104311283292E-07    5.80040
    -4.77529    2.34359    1.51746         -1.250838280540394E-05         -1.700435529637860E-07         -1.267842635836773E-05          6.388361479269170E-07    5.53159
    -3.98156   -1.37080    1.71470         -1.277270052971677E-05         -1.065600830495323E-07         -1.287926061276631E-05          6.249130927493843E-07    4.54666
    -4.00775   -1.88351    1.57734         -1.268998902956979E-05         -1.178442682462099E-07         -1.280783329781600E-05          6.220740773157270E-07    4.70081
    -4.07077   -0.30698    1.68159         -1.294441344535797E-05         -1.001506145134807E-07         -1.304456405987145E-05          5.760317299349398E-07    4.41510
    -5.02110    3.53642    0.93582         -1.211553425780112E-05         -2.266647936907192E-07         -1.234219905149184E-05          6.760806064798324E-07    6.21236
    -4.93106    3.27068    1.08276         -1.223402011791288E-05         -2.104090254948906E-07         -1.244442914340777E-05          6.590989548364370E-07    6.01540
    -5.01944    3.80440    0.62641         -1.202125969828083E-05         -2.383860719972751E-07         -1.225964577027810E-05          6.815145075786647E-07    6.32934
    -4.00093   -2.41055    1.11967         -1.267785046712622E-05         -1.311165018729160E-07         -1.280896696899913E-05          5.798028333237576E-07    4.80332
    -4.13163   -2.68654    0.93266         -1.258214020911030E-05         -1.459581285657686E-07         -1.272809833767607E-05          5.850996897672976E-07    5.01575
    -5.13858    4.14675    0.26949         -1.181653464296437E-05         -2.620175236340347E-07         -1.207855216659841E-05          7.189471282811938E-07    6.60857
    -4.95555    3.94081    0.38118         -1.197342570332041E-05         -2.409056818844072E-07         -1.221433138520482E-05          6.890790158013882E-07    6.34293
    -4.25680   -2.86095    0.29040         -1.257977088470401E-05         -1.580822899793270E-07         -1.273785317468334E-05          5.622650199719159E-07    5.13709
    -4.17254   -2.80502    0.64420         -1.257944540708020E-05         -1.519097168039752E-07         -1.273135512388418E-05          5.715192555639768E-07    5.06885
    -4.70918    4.00564   -0.43218         -1.193339640595923E-05         -2.296923299735738E-07         -1.216308873593280E-05          7.132862050029911E-07    6.19744
    -4.45845    3.82617   -0.74145         -1.201835034544343E-05         -2.074323029564652E-07         -1.222578264839989E-05          7.169678598328718E-07    5.92175
    -5.01777    4.23790   -0.28343         -1.175176025246063E-05         -2.592367985666412E-07         -1.201099705102727E-05          7.362326673534364E-07    6.57405
    -3.94854    2.92668   -1.42103         -1.234161917890362E-05         -1.451683980122490E-07         -1.248678757691587E-05          7.184447875866634E-07    5.11623
    -4.12804    3.35820   -1.17324         -1.220058267058961E-05         -1.701783849666025E-07         -1.237076105555621E-05          7.175235520795146E-07    5.44928
    -4.03701    3.14577   -1.28909         -1.228004697652803E-05         -1.574086382306133E-07         -1.243745561475864E-05          7.147063147219424E-07    5.27779
    -4.48687    3.78628   -0.99432         -1.196256157307285E-05         -2.071350172927967E-07         -1.216969659036565E-05          7.385610086403557E-07    5.95454
    -4.34794   -2.52840   -0.99551         -1.258083010472542E-05         -1.520247720865060E-07         -1.273285487681192E-05          6.082808462100059E-07    5.12723
    -4.17258   -2.26513   -1.13835         -1.268191204512956E-05         -1.354616671384969E-07         -1.281737371226806E-05          5.965247063018097E-07    4.88232
    -3.79718    0.53233   -2.07396         -1.269482307760439E-05         -8.835152713392265E-08         -1.278317460473831E-05          7.193821434492483E-07    4.35927
    -3.72845    1.12145   -1.93054         -1.270843098425891E-05         -9.109793659400204E-08         -1.279952892085291E-05          7.071457357417132E-07    4.34580
    -3.72192    1.41215   -1.86731         -1.268407094310651E-05         -9.523172345481610E-08         -1.277930266656132E-05          7.068693971669871E-07    4.39701
    -3.74593    2.04227   -1.70597         -1.258946323235914E-05         -1.093903330075970E-07         -1.269885356536674E-05          7.090046255120253E-07    4.59491
    -4.12929   -1.75630   -1.69482         -1.263528681547286E-05         -1.210050365833779E-07         -1.275629185205624E-05          6.615105573648284E-07    4.79667
    -4.00852   -1.41738   -1.86630         -1.265399490969510E-05         -1.086347312149482E-07         -1.276262964091005E-05          6.827526358234273E-07    4.64330
    -3.86751   -0.50208   -2.06632         -1.270082210874035E-05         -9.140294550363507E-08         -1.279222505424399E-05          7.094407017889846E-07    4.41355
    -3.94914   -1.19215   -1.95555         -1.265980233903517E-05         -1.022634716133420E-07         -1.276206581064851E-05          6.963357603168886E-07    4.56521
    -4.11672   -0.57661    1.87077         -1.280533974962186E-05         -1.038435470494195E-07         -1.290918329667128E-05          6.335302435334321E-07    4.55847
    -4.26570    0.39906    1.73345         -1.289039411392468E-05         -1.103072928870459E-07         -1.300070140681172E-05          5.927348079483982E-07    4.62172
    -4.43167    1.03462    1.68872         -1.282342978590674E-05         -1.244577612458012E-07         -1.294788754715254E-05          5.964756453051378E-07    4.85406
    -3.54214    1.53250   -1.77258         -1.273452510297251E-05         -8.951330441566270E-08         -1.282403840738817E-05          7.083166822625267E-07    4.24704
    -4.13465   -2.58340   -0.12654         -1.275155683287297E-05         -1.428415764035612E-07         -1.289439840927653E-05          5.171439165197166E-07    4.87702
    -4.12999   -2.59880    0.07191         -1.275032420371805E-05         -1.430896303934049E-07         -1.289341383411145E-05          5.117419261905897E-07    4.88014
    -4.07120   -2.61062    0.67950         -1.269262524965149E-05         -1.405619973952226E-07         -1.283318724704671E-05          5.407328426468857E-07    4.88382
    -3.96422   -2.23301    1.31739         -1.268399995259728E-05         -1.244050034866547E-07         -1.280840495608393E-05          5.990649633044358E-07    4.73676
    -4.53164    3.99143   -0.35616         -1.198086754571051E-05         -2.191505517810130E-07         -1.220001809749152E-05          7.022635793190223E-07    6.04931
    -4.68126    1.77842    1.74702         -1.259233530680692E-05         -1.507002179338061E-07         -1.274303552474073E-05          6.479619312423007E-07    5.30368
    -4.69113    1.96268    1.62647         -1.259921744536403E-05         -1.553984975440140E-07         -1.275461594290804E-05          6.332918382906558E-07    5.33893
    -4.14047   -2.38301   -0.76621         -1.274901937207820E-05         -1.371500068195847E-07         -1.288616937889778E-05          5.475538584572601E-07    4.83831
    -4.81326    3.35991    1.11221         -1.218551188302470E-05         -2.070662113497261E-07         -1.239257809437443E-05          6.728108226751645E-07    5.97440
    -4.76084    3.11090    1.20741         -1.229370136283103E-05         -1.943671784933004E-07         -1.248806854132433E-05          6.570944840728802E-07    5.81388
    -4.17135   -2.20762   -1.24954         -1.266465119622620E-05         -1.338543532863414E-07         -1.279850554951254E-05          6.105066945396081E-07    4.88212
    -4.70021    3.94649   -0.19979         -1.200964596089564E-05         -2.263584433058845E-07         -1.223600440420153E-05          6.827209458109474E-07    6.14057
    -4.31427   -2.62461   -0.67080         -1.262340469493535E-05         -1.532513215777980E-07         -1.277665601651315E-05          5.807152907144452E-07    5.09426
    -4.31042   -2.66822   -0.54122         -1.262736759970637E-05         -1.544390430209971E-07         -1.278180664272737E-05          5.736194623474720E-07    5.09824
    -4.44219    1.78796    1.64583         -1.266939361849222E-05         -1.377972779121929E-07         -1.280719089640441E-05          6.382634899546750E-07    5.06346
    -4.39399    1.58839    1.66795         -1.271883563426082E-05         -1.311879284948855E-07         -1.285002356275570E-05          6.312447651518569E-07    4.96106
    -4.31007    1.24327    1.70677         -1.278718899994360E-05         -1.209259319019130E-07         -1.290811493184551E-05          6.249309543790153E-07    4.79953
    -4.02633   -0.30687    1.73495         -1.291893634450228E-05         -9.798808816813544E-08         -1.301692443267041E-05          6.026752674305759E-07    4.39495
    -3.84121   -1.52080    1.65570         -1.278402317358762E-05         -1.025687268285761E-07         -1.288659190041620E-05          6.342844024645870E-07    4.45074
    -3.90177   -0.72697    1.78814         -1.286298256171212E-05         -9.466342967963982E-08         -1.295764599139176E-05          6.345060600129494E-07    4.35313
